"wl","black","white","cool.grey","burnt.umber","burnt.sienna","raw.sienna","X99","X80","X60","X40","X20","X10","X5","X2","yellow.ochre","olive.green","sap.green","viridian","phthalo.blue","prusian.blue","ultramarine","purple","crimson.lake","cad.red","cad.red.orange","cad.orange","yellow","lemon.yellow"
300,0.249698621879923,0.315968753325006,0.31005729961659,0.250082632235073,0.250263865287874,0.290583422629244,0.5,0.450497879840165,0.418432884262218,0.352380668090623,0.281077725903504,0.268067046697649,0.256195296354132,0.25,0.253801740569144,0.247461572936467,0.290664799376682,0.255154011403408,0.311020410320122,0.360609018366976,0.298528900246171,0.28235575554206,0.377666317573754,0.258768030125027,0.269069776608338,0.30940824835203,0.287044632794283,0.321303465031913
301,0.249692925390929,0.316695255581159,0.310508822928904,0.250161886106247,0.250365988474029,0.290738177122847,0.5,0.450463058227253,0.418458546490796,0.352610257621055,0.281197200068091,0.267994143696009,0.256191884518212,0.25,0.25406098010763,0.247695017560664,0.290977512164852,0.255425635948122,0.311433809176455,0.360837367535124,0.300840135238851,0.283687005308091,0.377922424502706,0.258724114962415,0.268978945280007,0.309800312750874,0.287176343299768,0.32180135088928
302,0.249506734154081,0.31773804397613,0.311076760728842,0.250368100819702,0.250542093617825,0.290848988149743,0.5,0.450613229921972,0.418746627127038,0.352787721710835,0.281447171825949,0.26816009773093,0.256379607208526,0.25,0.254272229325348,0.248070221165236,0.291243236804406,0.255619301847697,0.311682882668882,0.361336473003273,0.303267322674855,0.285016092704324,0.378211953797826,0.258646841119166,0.26909213413082,0.310381480511639,0.287423932531608,0.322378898501012
303,0.24948627449077,0.318419356008777,0.311499315637709,0.250368661603167,0.250612555680591,0.291002217065534,0.5,0.450151698126616,0.418712902317567,0.352807264998965,0.281518044536259,0.268080868825274,0.256546079014304,0.25,0.25428830311609,0.24827842685412,0.291345663628588,0.255458703927439,0.311373397610519,0.36087199754804,0.305292054044356,0.286052999277344,0.378265518963891,0.258364854104622,0.269073402877491,0.310743255187979,0.28722194839309,0.322213401303488
304,0.249345199904545,0.31931938746453,0.311882584506001,0.249986761485187,0.250292360260503,0.290771152422172,0.5,0.449894238529489,0.418379911990752,0.352665852033885,0.281646829738407,0.268226746137327,0.256734289930001,0.25,0.253759696191775,0.248049197101546,0.291035713381535,0.255107862554844,0.31049987886643,0.360101952699218,0.306987294159001,0.287461609803907,0.378478408520334,0.25856981237144,0.270017316027584,0.311534928623465,0.287449363849883,0.322405483788869
305,0.249238110658278,0.3201856910428,0.312287341185243,0.24958478025725,0.249926296358244,0.290735804616016,0.5,0.449602415097585,0.41812389057519,0.352587430517796,0.281651928705292,0.26821276261281,0.256690686385827,0.25,0.253366797129266,0.247878808757382,0.290856468033843,0.254625104686386,0.309718201297665,0.359338050372671,0.308989720145718,0.28867175149683,0.378528908700697,0.258454637344121,0.27090134251158,0.312079040301725,0.287443715197908,0.322138409535786
306,0.249243764242083,0.320399918268592,0.312158107987583,0.249607879377954,0.249923204373056,0.291084847105481,0.5,0.448901758810863,0.417396234912446,0.352137900533116,0.281712835597138,0.268127179520467,0.256463944259282,0.25,0.253353960160861,0.247960694699,0.291038145393989,0.254508017698758,0.30942097027625,0.358523622205426,0.310917509429236,0.290044115414615,0.378436220417317,0.258539536476643,0.272302722842562,0.312665263303038,0.28733352873274,0.321909310242007
307,0.249396612946508,0.320930887389228,0.312341743801619,0.249511647296148,0.249783941142356,0.290922529158274,0.5,0.448838568886558,0.417384185836586,0.35201091690532,0.28179204508126,0.268120149323241,0.256382633794154,0.25,0.253134476527241,0.247817405359941,0.290882338143631,0.254198473017512,0.308771170459395,0.357628503386084,0.312404030973132,0.291840462224714,0.378670223397714,0.25879776597513,0.274127978385292,0.313635538782844,0.287397874066859,0.32216047170149
308,0.249629833731096,0.321152585990109,0.312538130331333,0.249741770242885,0.249974289536946,0.29124056338852,0.5,0.448722129972319,0.417450692737799,0.351936713309241,0.281657417064802,0.267925243348979,0.256187313517031,0.25,0.253314433216029,0.248069875508903,0.291176429138179,0.254112158166394,0.308506969719959,0.357110396836391,0.314250225039475,0.293327033982614,0.378598033775826,0.258785985359472,0.276000283633138,0.314120518320692,0.287165002767435,0.321948167614892
309,0.249752224026247,0.321212572704843,0.312734838105103,0.250281393043158,0.250577585714608,0.29192277632696,0.5,0.448786413264701,0.417637403193705,0.352138834267623,0.28177916050184,0.268112392165561,0.25619638306235,0.25,0.253836536305907,0.248487315367179,0.291952890602641,0.254356578411311,0.308629970043423,0.357186887114017,0.316462181774067,0.295164513274776,0.378802417730281,0.259131471010811,0.278427127084363,0.314954728485821,0.287284974358076,0.322011045992135
310,0.250000881651614,0.321432380412632,0.313000689696995,0.250419824073945,0.250796184425076,0.292259328945585,0.5,0.44896799963657,0.417919167859008,0.352373244579272,0.281951244963366,0.268192973562687,0.256364795629793,0.25,0.253949492471924,0.248600370286774,0.292371440326991,0.254229970874847,0.308403360608618,0.356968387540885,0.318446868717153,0.297004252551571,0.379298063084033,0.259523186188934,0.28084160578672,0.315862611756637,0.287319288285156,0.32184370661385
311,0.249853189986239,0.321767773411894,0.313196415393711,0.250393137061027,0.250730695914501,0.292471176418581,0.5,0.448842824241087,0.417688811095136,0.352390489897537,0.282084144774174,0.268185381013097,0.256443295837209,0.25,0.253887227038451,0.248736563943132,0.292819833284104,0.254155125930107,0.307917832364886,0.356565457570261,0.320307732307581,0.298564813708625,0.379381484381563,0.259747303150309,0.283338990923922,0.316493270656303,0.287442446357528,0.321524303987129
312,0.249758291211249,0.322251900594223,0.313460507037364,0.250481204442099,0.250855803053211,0.292824978219731,0.5,0.44891593259091,0.41764372623791,0.352675290544292,0.282186141757725,0.268366015797797,0.256572397280242,0.25,0.253884227257162,0.24896520148449,0.293239427802234,0.254028697535459,0.307355829482391,0.35615789996614,0.322042561709782,0.300093920716635,0.379455690111427,0.25994384804253,0.285657090600604,0.317561576040904,0.287487512041351,0.321304439312584
313,0.249395365097508,0.322234642842412,0.313181358083471,0.250045746351496,0.250465809324447,0.292482810317673,0.5,0.448905947164026,0.417681957924402,0.352519671955416,0.282153498031905,0.268239517170807,0.256462884612688,0.25,0.253376245314898,0.248728838638604,0.293149490511986,0.25351963652489,0.306515970104426,0.355363020960014,0.32332970264148,0.301038169146186,0.37905475563492,0.259517313902172,0.287533093860806,0.317996822333902,0.2872417997821,0.320656736986081
314,0.249230315466823,0.322065397309347,0.312918637033695,0.249912345739539,0.25015747274431,0.292233346675277,0.5,0.448978764149495,0.417530513241877,0.352572371041567,0.281908326393924,0.268275606274019,0.256429986005131,0.25,0.253140019270615,0.248727293283626,0.29329151773736,0.253393352217112,0.30576811920289,0.354740370504717,0.324572803829566,0.301671224976196,0.378167535866494,0.2589831812582,0.289201242312821,0.31810523825402,0.286856815954271,0.319711689261192
315,0.249226607279136,0.321991750574383,0.312821632028108,0.250001808587586,0.250437439069242,0.292541019005518,0.5,0.44902474164037,0.417676878453543,0.352539786647129,0.281741007637965,0.268513739890519,0.256337599009908,0.25,0.253504182170122,0.249079039480282,0.293828557124422,0.253431873022934,0.305731534599903,0.354769286233301,0.326433751058415,0.302701279956429,0.37813936067651,0.258757164238048,0.290863468255966,0.318767724097129,0.286668363188178,0.319148956837606
316,0.249157137047287,0.322232359904623,0.312841959296082,0.249659779320571,0.250310122578792,0.29245301503009,0.5,0.448968717907006,0.417765287219105,0.352441286077734,0.281713134546367,0.268432183701394,0.256342732493058,0.25,0.253476939039701,0.249122752953334,0.294134041045067,0.253353754556671,0.305551899650512,0.354489238316837,0.328048536208473,0.3034606702737,0.377939222701421,0.25843332601573,0.292404544195887,0.319154464267812,0.286424687760887,0.318404373865141
317,0.249509438942829,0.323010976229962,0.313444291484887,0.249918370749755,0.25068106360832,0.292916926729471,0.5,0.448977344047624,0.417777529823873,0.352623191059947,0.28173112612163,0.268343882540446,0.256518115668725,0.25,0.253774484647655,0.249491267412345,0.29484151646316,0.253752315174928,0.305535282638903,0.354471526993082,0.329834036684377,0.304806146765928,0.377971442892457,0.258778485210827,0.294311467321294,0.320362332414204,0.286488175011685,0.318063270114455
318,0.249640329247305,0.323828494613986,0.313996396263197,0.250011815427229,0.251181473380134,0.29344461479962,0.5,0.44873124820124,0.417756547994103,0.352565749562237,0.281827422989495,0.268276524604393,0.256538886430269,0.25,0.254114457654793,0.250001056382582,0.29556354615506,0.253947801125337,0.305456830756056,0.354277035704812,0.331878959374234,0.306440647882844,0.378862679556774,0.259217996626325,0.296415830505413,0.321932464443495,0.28682931404167,0.31809143906412
319,0.249695071971645,0.324395774389976,0.314174746584038,0.250070085154216,0.251299605016435,0.293590160757635,0.5,0.448789932772341,0.417877151383855,0.353025154198254,0.281945922631342,0.26821101089921,0.256610933679566,0.25,0.25405391030042,0.250224120021718,0.296044646912677,0.254152929808721,0.305053487141656,0.354036542049579,0.333397610541932,0.307536107453358,0.378903164639779,0.259361740441034,0.297926212704272,0.322823473771663,0.286610805917375,0.317594817342804
320,0.249867217543737,0.324581770441135,0.314406540575921,0.250351914644063,0.251401276678029,0.29375133269705,0.5,0.448432331580188,0.417527013390988,0.352891489499466,0.281998131745688,0.26834485007221,0.256599382507426,0.25,0.254175162102138,0.25057778625424,0.296470449979785,0.25452598208354,0.304689955875807,0.35381183931795,0.334606140122673,0.30843267706277,0.379038107282085,0.259534619820334,0.299124419033009,0.323456775606652,0.286377835350074,0.31714865255323
321,0.25007216236338,0.32529803434573,0.314487842847979,0.250483928586342,0.251326882514024,0.293954036715807,0.5,0.448327116632721,0.417482302609221,0.352832218524466,0.282208416778715,0.268659258134163,0.256643581187357,0.25,0.254333569605957,0.250987863508213,0.29696130121698,0.25459612825816,0.304079971453861,0.353330243162663,0.335686422353895,0.309156668329221,0.379314693449477,0.259883156079061,0.30006451398007,0.323963593859249,0.28626543793298,0.316680527889386
322,0.250232231386381,0.32577044000299,0.314499004270343,0.250548985845984,0.251161075243988,0.293869226880766,0.5,0.448192330752378,0.417661610854964,0.352878258048439,0.282241452994915,0.268441800915311,0.256473780973425,0.25,0.254192664816676,0.251213100252527,0.297491200788138,0.254447694406302,0.303482388527987,0.352930852655886,0.336570975772421,0.309535562349094,0.37926253019621,0.259948707242856,0.300694985363439,0.324039601425283,0.285915939956845,0.315965629473149
323,0.250524722869796,0.325814825140455,0.314421358113173,0.250477702107504,0.250961150157246,0.293584323526636,0.5,0.447886904574591,0.417347624224967,0.352505284975115,0.282336268393452,0.268547952431963,0.256447097430991,0.25,0.254030828325404,0.251210446907866,0.298140029263782,0.254105201883021,0.303093362662223,0.352478866742893,0.337536035355226,0.309727607831607,0.379471176277102,0.259915489410405,0.300851241308612,0.323963482891877,0.285628165780043,0.314956697299292
324,0.250585243080475,0.325749927626451,0.313996173481209,0.250446013337533,0.250992719862352,0.293396858121346,0.5,0.448078396969566,0.417415946053958,0.352405406961832,0.282303771259136,0.268493773196193,0.256427306847525,0.25,0.254090468708651,0.251308036898496,0.29888007369208,0.253917924728371,0.302518676290377,0.352196447395679,0.338491062996073,0.310234816345177,0.380001212791165,0.260111069998166,0.301201857490471,0.323957577109141,0.285555903072377,0.314173525097486
325,0.250575270095853,0.325606224225978,0.313924276854702,0.250752954356192,0.251229034853619,0.29353565985656,0.5,0.447799249717116,0.417123313315928,0.352258716833626,0.282197434536548,0.268301957618939,0.256251144094949,0.25,0.254243982764505,0.251729217048001,0.299707680378775,0.254162088595757,0.302557907438416,0.352259534178276,0.339536472040663,0.3106118437694,0.380657599107797,0.260233792887396,0.301398004310237,0.323720994811157,0.285245665362393,0.313387650904281
326,0.250419668176646,0.325752017996099,0.314039362038178,0.250624861726771,0.251177617890663,0.293584277881173,0.5,0.447755698105298,0.416876640045964,0.351934756009448,0.282197804320289,0.268322797774762,0.256438160664947,0.25,0.254265979879135,0.251808513890891,0.30022100447836,0.254321673803903,0.30225049884612,0.351957431380532,0.34012019690735,0.310923067786896,0.38122895079598,0.260378106729157,0.301591010677744,0.323709018978731,0.284984482017023,0.312725569336841
327,0.250125046110859,0.32677027673566,0.314479505818917,0.250445493085646,0.251006593062648,0.293804802881836,0.5,0.447504602778064,0.416646165308818,0.351534397047177,0.282002003468898,0.26807644725433,0.256383989827495,0.25,0.254070674569424,0.251795313914015,0.300622213550595,0.254391363055073,0.301615802507957,0.351727890260659,0.341103984875075,0.31125235071401,0.381908228161965,0.260525270615499,0.30228434286651,0.32382315924607,0.284845524528601,0.312381928664872
328,0.250032319634695,0.328042916591492,0.31505736199784,0.250532210590511,0.251101492083768,0.294155298784323,0.5,0.44742234801142,0.416527753650806,0.351511578174516,0.282123639682591,0.267970180424108,0.256356208725432,0.25,0.254148969107463,0.251980782081358,0.301274970599765,0.254559237636828,0.30160599336218,0.351909732036938,0.34202250873436,0.311404724597462,0.382264017711495,0.260708122484284,0.302785785436997,0.323929302800979,0.284626937399624,0.312173865510688
329,0.249703466789127,0.329230840801848,0.315438154618395,0.250191492917022,0.250865355177522,0.29398416208397,0.5,0.447210091964642,0.416469825678382,0.351307053941493,0.282212176487489,0.268009219418276,0.256483982374588,0.25,0.253975298368874,0.251898185987672,0.301492087064587,0.254356042639914,0.301147246021766,0.351666837786543,0.342511534564645,0.311233769215212,0.3824240085815,0.260592229672207,0.303268858369038,0.323708645958673,0.28423685587376,0.311897847031596
330,0.24995651108113,0.331127068913743,0.315986870799085,0.250381427176838,0.251013510494266,0.294185807180626,0.5,0.446780531248808,0.416410143820939,0.351485729944153,0.282314879314453,0.268337261554284,0.256465256320957,0.25,0.254020957510912,0.252216745219586,0.30181542652994,0.254504061550651,0.301078304227054,0.351850344359785,0.343383791932062,0.311397030337811,0.382654670704582,0.260501808834842,0.304208281280073,0.323499051674681,0.284025200284097,0.311523242597676
331,0.249864510714172,0.332679344532352,0.316058990277159,0.25044480745085,0.251238400472707,0.294226714728941,0.5,0.446975942477,0.416399904403605,0.351499071778495,0.282079437600021,0.268406105697005,0.25650599174486,0.25,0.254142091666089,0.252383011197051,0.302291952565895,0.254588248550915,0.301160700218382,0.352228936766079,0.343992540414291,0.311256047000866,0.382802613575035,0.260020803384728,0.304730045708135,0.322813437012083,0.283279363649246,0.310844761432816
332,0.249861669807539,0.334463567340603,0.315966082018814,0.250182431131359,0.251125502161992,0.294118607214672,0.5,0.446835045090642,0.416301703389481,0.351579146870479,0.281971209803524,0.2685214388052,0.256576777647037,0.25,0.25396949427099,0.252291025675709,0.302513348940047,0.254479956395882,0.301138345227931,0.352501701364451,0.344590488676564,0.311644909149197,0.383483369770756,0.260080140721623,0.305968243357736,0.322748396345428,0.283285663798986,0.310527537191456
333,0.250023156060942,0.336432745648483,0.315942258048348,0.25044669678734,0.251330631260438,0.294256368747343,0.5,0.446984496475085,0.416375389023008,0.351799481876195,0.281879270844197,0.268595092162582,0.256728486217229,0.25,0.254191493547203,0.252337968663773,0.303093259447611,0.25472821069713,0.301478617611438,0.353459593312759,0.345929411428802,0.312405443225521,0.384445930042148,0.260158324483254,0.307478973123937,0.322798171993245,0.283414111217286,0.310452480785083
334,0.249978993261354,0.338636783280614,0.315827346156084,0.250294379605899,0.251159072953015,0.294067919228895,0.5,0.447217902772408,0.416469550113275,0.351842007953406,0.281725207030726,0.268549067925968,0.256737773256627,0.25,0.254084707497606,0.252180974332216,0.303395075988664,0.254690174053353,0.301402342263921,0.354088422746305,0.346783725744,0.312894700179118,0.38471144697215,0.260337266757154,0.308531295651111,0.322411735857537,0.283498030761506,0.310380986423391
335,0.250388728714683,0.342000771930025,0.316456649067635,0.250602704413494,0.251346198395006,0.2944735032905,0.5,0.447088462897213,0.416674587598348,0.352216366281091,0.282001760462104,0.268587481801284,0.256779094303906,0.25,0.254421706385374,0.252741244361073,0.303704511492426,0.255328899134173,0.301664899160437,0.354512857072257,0.34770752223086,0.313929418840212,0.385356084783768,0.261015898065283,0.310175346385708,0.322698504510713,0.283952915767899,0.310562124201631
336,0.250591340029441,0.346366748289571,0.317169459764529,0.250897217223123,0.251413699042926,0.294657460118754,0.5,0.447051328233953,0.416873806536574,0.352052442638648,0.281953715660782,0.268582062227961,0.256726891210508,0.25,0.25457248567045,0.253129674011096,0.303833435166502,0.255679311359253,0.301710630536495,0.354682936361258,0.348901176114395,0.314750885225137,0.386216788308797,0.261078961436646,0.311370306230005,0.322729878102544,0.28400206295104,0.310845220742637
337,0.250753903537375,0.351364763454424,0.317548465710267,0.250600295495985,0.251215562382022,0.294602411491929,0.5,0.446731178623591,0.416878520593718,0.351687337878653,0.281948836825687,0.268479168184749,0.256516417996873,0.25,0.254259241726063,0.252945751348666,0.303472013415366,0.255419822274988,0.301502879057155,0.354560327871211,0.34904369631081,0.31501970034775,0.386115938399558,0.261058400213883,0.311729341783002,0.322342993865363,0.283769387574997,0.310513537044991
338,0.251081957814547,0.357225532203375,0.318042243845064,0.250836949349853,0.251442177789525,0.294968808479648,0.5,0.446564827151902,0.416676947915749,0.351603927097465,0.28226149469532,0.268633959796374,0.256553010955625,0.25,0.254447315221528,0.252971422996094,0.303649684573039,0.255660791550236,0.302038997801602,0.354912323212126,0.350109761267002,0.315824596043973,0.387376049336162,0.261260731771157,0.312542731776451,0.322331941115744,0.283686929710616,0.310515237754027
339,0.250923659949252,0.362836842341681,0.317897045092803,0.250804276819578,0.251215457418113,0.294901521674963,0.5,0.446631345368025,0.416440394591283,0.35150486290254,0.282366104223905,0.268817918509417,0.256525836052914,0.25,0.254284292854995,0.252647021291937,0.30345197623444,0.255349737144192,0.302092306317184,0.355147496395043,0.350686813143317,0.316473957732674,0.388369284049156,0.261439361380363,0.312827638050337,0.32200886558831,0.283474804859869,0.310767351516277
340,0.250915275978019,0.369041617839988,0.317991244566795,0.2506659871168,0.251228588053644,0.29488216450901,0.5,0.446490265729007,0.416300094299415,0.351492928494836,0.282337133850308,0.268745540486129,0.256447874927633,0.25,0.254210662985549,0.252444860974257,0.303500559306823,0.255239035563393,0.302251512710985,0.355595210473497,0.351281758263603,0.316983358949136,0.389336400750052,0.261926638295117,0.312856197905381,0.321551552923743,0.283264820658374,0.31054885638912
341,0.250800315622376,0.375528473285693,0.31815153384489,0.250812646664144,0.251287751110913,0.295146102650031,0.5,0.446460858714635,0.416294180001775,0.351530190222457,0.282273970478281,0.268632323209572,0.256378754645442,0.25,0.254254561859414,0.252560205077614,0.303720710860292,0.255445348050155,0.302575590474346,0.356141831421736,0.352306395352268,0.318158847567452,0.391247314551045,0.262658349076042,0.313188951676391,0.321196713442439,0.283249281720684,0.310732619705184
342,0.250310856259995,0.381358632274919,0.318135783420242,0.250738047871162,0.25132991956775,0.295227548752816,0.5,0.446515788852462,0.416239889290724,0.351558437133276,0.282081691023683,0.268384002807994,0.25629474795449,0.25,0.254316774880518,0.252544368391961,0.303613458370181,0.255438552642534,0.302743508591749,0.356605583886015,0.35285072758375,0.318777622886595,0.392804896534014,0.26333249754241,0.312994405396123,0.320830635519395,0.28331352128782,0.310832116357716
343,0.250367315349883,0.386387328035864,0.318072384247782,0.250606272103278,0.251317261070807,0.294848896473859,0.5,0.446042712184617,0.415915858506075,0.351240782115651,0.281993462359422,0.26829232355846,0.25620159539375,0.25,0.254264704979267,0.252445567050996,0.303562582222733,0.255342045028575,0.303090608177557,0.357518593107099,0.353475754542545,0.319790889465072,0.394962545432063,0.264219525456524,0.312502588456333,0.320282518888209,0.283533349729856,0.310848826308191
344,0.250255135425574,0.390171540770515,0.317577596158197,0.250653089730222,0.251306724689982,0.294685015178721,0.5,0.446028404923631,0.415817519423122,0.351248078934107,0.281957905542773,0.268363819355559,0.256201724256489,0.25,0.254202474645596,0.252409251085423,0.30334531002988,0.255307708596713,0.30344131699484,0.358423005575044,0.353905376174792,0.3209241598083,0.397438824755247,0.265022947690135,0.311923930053924,0.319614353144679,0.283498401403867,0.310869638201519
345,0.250255917356017,0.393553419694379,0.317615697738346,0.250755086248053,0.2514235798784,0.294659781701608,0.5,0.446016970799803,0.415642753173025,0.351333363273627,0.281970085521799,0.268513490931655,0.256396470734805,0.25,0.254352832834681,0.252443121303866,0.303307152160048,0.255334923606963,0.304077078696158,0.359467942044771,0.354572141113176,0.321980171934838,0.399738509222993,0.265877235783849,0.31127660936538,0.319081181106439,0.283557450550715,0.311079920717167
346,0.250304012048744,0.396849627113464,0.317681679694012,0.250799378658826,0.25148353717296,0.294598285283633,0.5,0.446103450875711,0.415701952308229,0.351257696525041,0.282123352653359,0.268463457560739,0.256345421059689,0.25,0.254407738070299,0.252506565158082,0.303344874244593,0.255237292112054,0.304538175154234,0.360541119083344,0.355460654793996,0.323407323278827,0.401925869437879,0.266827594991187,0.310692656032643,0.318492003800413,0.283624055660068,0.311271454807839
347,0.250072962448237,0.400371451623869,0.317877497903839,0.25084340106702,0.251531449652316,0.294808192042373,0.5,0.446252060623206,0.415874966802914,0.351515246555594,0.282045351320415,0.268442210252129,0.256351321106249,0.25,0.254470352431646,0.252461284985726,0.303250127028977,0.255093669729484,0.305005886691571,0.361163834132572,0.356369830976008,0.324989777107612,0.40416948324111,0.267844620104213,0.310451327421814,0.318368376584704,0.283919124565189,0.311751554675998
348,0.250028536598892,0.404049641445228,0.318516709340164,0.250939961369652,0.251682393217784,0.295118674652725,0.5,0.446312751666482,0.415829291932099,0.351545261289937,0.282175877953053,0.268392331871904,0.256319710368991,0.25,0.254683931524785,0.252541388332403,0.303244039570163,0.255134829977931,0.305589723644163,0.361950533615538,0.357574768967865,0.326531427165841,0.405714413836639,0.26860681084923,0.309957347251076,0.317981242173149,0.28395663675122,0.312073730218113
349,0.250335187328042,0.407587469015303,0.31903333049684,0.251162203867793,0.251804581620741,0.295257555226251,0.5,0.446424148177013,0.415902779389869,0.351677575586442,0.282181698626433,0.268292072884698,0.256258387186915,0.25,0.254822751420487,0.252657322324747,0.303023674088307,0.255263007604379,0.305909186919139,0.362615476912438,0.35879545093228,0.328467025254273,0.407505820530939,0.269456555774965,0.309693029478489,0.317775261558445,0.284251696802616,0.312744637081502
350,0.250416878395297,0.409956626074672,0.319248239380964,0.251094510345239,0.25160299938811,0.295283396018179,0.5,0.446333168510228,0.415646980750042,0.35153413643333,0.281845581414126,0.268312431163477,0.256255401345203,0.25,0.254813974924091,0.252630570462001,0.302599071120748,0.255302912367504,0.306233046377835,0.363161266001306,0.359420361456054,0.330339053624408,0.409003432754312,0.269904739314783,0.309170653846544,0.317504642981467,0.28429663912041,0.313161879142224
351,0.250591852481796,0.411283965475716,0.319221971235127,0.251071915520597,0.251550515007626,0.295142817291938,0.5,0.445794215491599,0.415258699612627,0.351084249805877,0.281749566618321,0.268156452875458,0.256111756711324,0.25,0.254829856893453,0.25256118527128,0.302242643392971,0.255367294443182,0.306536298279289,0.363604347469803,0.360185187957,0.33209114210608,0.409943504182939,0.270180312987974,0.308367992657284,0.316802818037341,0.284105778670708,0.313350750912703
352,0.250569354878954,0.412528078095474,0.318923609604356,0.25106869822905,0.251474461231162,0.295026188749836,0.5,0.445512431027549,0.415008785735912,0.350953003267839,0.281668783994139,0.268172714610844,0.256055407622557,0.25,0.254852691707221,0.252387859824425,0.301940463939242,0.255304186679631,0.307227560486132,0.364422061801015,0.360999203455829,0.33456067675287,0.411856356438879,0.270908117541341,0.308140396217342,0.316535187216579,0.284626991494492,0.314070249079664
353,0.250446822372911,0.412955966041709,0.318447970093772,0.250908353246766,0.251365336070756,0.294714565945345,0.5,0.445437111995319,0.414800250245865,0.350681530126176,0.281600131570918,0.268183512133432,0.255920706001266,0.25,0.254837209642793,0.252179219036048,0.301458661872777,0.255102421983567,0.30788547398053,0.365123063325276,0.361507838075471,0.336718471695662,0.413213487057645,0.271322192564917,0.307425548908052,0.315986252094298,0.284802119492298,0.314153819432302
354,0.250321666101482,0.413635484330618,0.318136592049251,0.250934024154789,0.251446183297295,0.294523444020709,0.5,0.445288320047063,0.414854586353795,0.350688250386923,0.281702178404048,0.268231828768875,0.255951351334501,0.25,0.254725490476178,0.251960400224799,0.301125518818647,0.255003022249101,0.308506262420394,0.36593933946111,0.362504222880416,0.338914265607054,0.414658141638699,0.271664445051178,0.306824870210083,0.315277694786743,0.284893048232764,0.314489184364082
355,0.250409120325448,0.413881437754249,0.317768540830458,0.250924038654945,0.251439411777797,0.294369483054063,0.5,0.445323974542609,0.414694128754075,0.350689191912815,0.281749009485346,0.268288160536159,0.256062578612265,0.25,0.254599230213258,0.251748557447082,0.300743751044104,0.254845841723075,0.309086491998711,0.367052415824383,0.363449690007098,0.341198283604452,0.416190717595741,0.271971160083747,0.306296254025009,0.314758634117697,0.285141997923019,0.31474230842244
356,0.250539463491399,0.413755421418791,0.317261080101057,0.251089182026202,0.251688817883867,0.294344639476067,0.5,0.445388974609266,0.414675658418014,0.350569618027392,0.281679047569275,0.268239943436193,0.256180192260397,0.25,0.254738153226838,0.25185970005992,0.300603175948246,0.254934932783372,0.309860094764867,0.368257195351681,0.364668054929416,0.343224200110105,0.417135721212241,0.272142809241363,0.305630529279933,0.314081070049842,0.285354395879449,0.314904145093123
357,0.250435897868101,0.413826639648291,0.316690305996531,0.25121457873991,0.251834182697251,0.294311487024699,0.5,0.445455566540027,0.414661073243854,0.350439945589083,0.281690319034322,0.268195769056574,0.256253271039946,0.25,0.254916638623211,0.251966054181385,0.30051586193584,0.255012578950914,0.310751494897438,0.369567652849539,0.365953746819628,0.345274930017626,0.418551972431199,0.272185280293949,0.305119352309236,0.313483264819616,0.28549032722029,0.315144577464875
358,0.250555375259698,0.414287107671794,0.316455016869361,0.251512132177864,0.252183318261191,0.294529923332111,0.5,0.445373853789493,0.414384288481694,0.350431887318495,0.281632556485639,0.268145523097553,0.256116415336511,0.25,0.255240078952183,0.252179233313859,0.300542316136147,0.255279289458323,0.3117813376334,0.370713358776285,0.367129459939127,0.347407998353182,0.419761305408313,0.27248314494178,0.304828595862834,0.313175661851607,0.285902360193903,0.315655100960208
359,0.250435117925967,0.415504936071639,0.316457199809434,0.251854872606241,0.252511031885873,0.294792795119129,0.5,0.445662623390532,0.414749493103794,0.350375250487285,0.281630574880406,0.268155014067623,0.256149678521173,0.25,0.255671091370106,0.252505467555716,0.30051694827044,0.255603507473919,0.312984000112998,0.371903732923806,0.368348337548544,0.349200933272653,0.420557226120553,0.272555030757184,0.304460551322588,0.31265694867438,0.286103573047255,0.316055836903742
360,0.250235549155782,0.416156220106052,0.3161563712365,0.251900243304435,0.252476651135206,0.294785404256084,0.5,0.445643930145406,0.414537767594579,0.350242140198031,0.281458726968853,0.268108254010638,0.256122792258943,0.25,0.255710749194805,0.252436275304611,0.300103249192651,0.255559256748455,0.313876112103541,0.373006587151154,0.369314806689847,0.350828282505016,0.421396475667478,0.272377408267636,0.303771897798635,0.31176501861412,0.285942848113402,0.316185164373758
361,0.250065684402978,0.416428248050168,0.315761021946184,0.251957902393062,0.252609459377135,0.294674777620047,0.5,0.445446019104603,0.41442816043865,0.350209930677052,0.28126608262418,0.268058223919784,0.256001213059863,0.25,0.255832589938087,0.252321015361226,0.299806920673787,0.255522441850075,0.314540350169364,0.373982689780876,0.370256913196943,0.352608784560467,0.422221591276513,0.272372258955719,0.303247916350614,0.310963773479103,0.286036496096703,0.316562190303384
362,0.249938343932444,0.417260027753067,0.315566276999842,0.251910382420088,0.252469150973249,0.294463950183821,0.5,0.445523018751617,0.414592728785049,0.350119661529666,0.281136465359687,0.267997257832561,0.256118961354572,0.25,0.255895131588848,0.252147353267098,0.29936185931637,0.255375685764969,0.315123704062297,0.374788927504446,0.371078037809543,0.354066091164577,0.422811342238625,0.27223939928607,0.302835563196503,0.310328374645398,0.285999418617354,0.316665270275928
363,0.249943413800922,0.418349169441579,0.315708045151397,0.251907292783056,0.252482331841498,0.294546448170609,0.5,0.445360363212293,0.414455378693878,0.350192245952413,0.281095210391691,0.26800459116437,0.256143984052205,0.25,0.255933344970785,0.252093894969542,0.29910351097048,0.255351634682068,0.315664263388314,0.375387989499651,0.371891400040249,0.355500671850486,0.423296690612421,0.272165147688261,0.302607768428103,0.309937319211084,0.285950447303634,0.316920482133365
364,0.250076959702073,0.420717281234824,0.31652182753596,0.251964351890365,0.252609692853969,0.294760403618334,0.5,0.445067615686066,0.414668003750206,0.350268068924638,0.281272248518021,0.26805726536588,0.256171557366263,0.25,0.256029840844265,0.252124109916186,0.298830343582279,0.255480054166902,0.316007782484651,0.375653100508696,0.372470793971785,0.357260606286201,0.42329614137993,0.272168845691435,0.302630665731564,0.309848895807018,0.286115833287893,0.317422839803196
365,0.250195165914942,0.424467189909251,0.31773544937566,0.251891043652352,0.252522524319555,0.295179143693907,0.5,0.444854975315173,0.414542250944323,0.350420702312798,0.281337240879571,0.268043048318445,0.256180190889973,0.25,0.255939397032676,0.252141330798394,0.298421021735427,0.255622222045573,0.316699033378383,0.375927018630821,0.373398659664139,0.359105742222208,0.423150541714322,0.272128098789695,0.302748261506759,0.309646647444106,0.28616139655034,0.317927787778353
366,0.250391614735773,0.427479914521934,0.318655022670418,0.251800707352721,0.252392228698565,0.295400649917567,0.5,0.444489057615563,0.414384406767865,0.350336222172115,0.281612716433951,0.268198746000036,0.256180179755153,0.25,0.255760146535036,0.252119061276062,0.297976910994238,0.255661432633893,0.317246644921449,0.376151917927716,0.374214837066894,0.36075467890804,0.422792530726759,0.272025434362963,0.302715580767285,0.309374645281272,0.28633766610722,0.318467021852039
367,0.250486920279256,0.429852445088409,0.319270094058151,0.25163283493769,0.252301946524479,0.295527604072752,0.5,0.444176105133774,0.414218501819501,0.350210354559243,0.281791054204827,0.268236580384344,0.256230174539445,0.25,0.255567629511837,0.252036785380768,0.297482055207287,0.255627307892053,0.317886539516027,0.376712116788108,0.374810618213529,0.362128016139784,0.422780411916635,0.271965918690701,0.302798339382163,0.308896027797002,0.286503413972431,0.319025304415371
368,0.250592521142761,0.431748870123915,0.319623344829919,0.251566611950778,0.252122055413711,0.295619684733565,0.5,0.444112441878403,0.413953345895342,0.350167819400817,0.281922818493117,0.268372523863793,0.256167538447246,0.25,0.255502046924383,0.251922616072101,0.297175377093631,0.255536482578662,0.318993745556525,0.377426233854088,0.375877068353497,0.363315792023768,0.423210224589239,0.27193154821709,0.302917583577625,0.308500431871881,0.286639668502419,0.319617775790175
369,0.250664791879617,0.433306847066527,0.319837818940677,0.251572126215862,0.252101069370115,0.295708551253452,0.5,0.443950398233319,0.413948362603984,0.350084042361466,0.282158298741506,0.268496662028893,0.256282649732878,0.25,0.255500364909757,0.251842935543409,0.296751739273812,0.255526054830867,0.320116714209114,0.37844008269518,0.3767434449365,0.364270644684665,0.423695916864132,0.271816629617132,0.303016382449989,0.308218265613953,0.286885314495294,0.320390530803725
370,0.250562899387088,0.435010283815352,0.3201060179676,0.251640689486721,0.252301109725243,0.29603975907801,0.5,0.443588558427643,0.413763191078497,0.349986514618919,0.282143868832404,0.26844020025545,0.256243122712521,0.25,0.255532570279838,0.25176502051647,0.296553730117565,0.255543703533658,0.321317697701,0.379591959298555,0.377765752202421,0.364965101805429,0.424280145520666,0.271742607538248,0.303118677379132,0.307760704071844,0.287145848529535,0.321137477541394
371,0.250512497696058,0.436262851549533,0.320182616978918,0.251761666542745,0.252373338968124,0.296009625785475,0.5,0.443455265226351,0.413715804837634,0.34992589524646,0.282117342597547,0.268437354830151,0.256141330394573,0.25,0.255677497154325,0.251666337690515,0.296137634393774,0.255654566233457,0.322464699073872,0.38047028233215,0.37866295026629,0.365473213061482,0.42481991950675,0.271610146772348,0.303166726298734,0.307146860012445,0.287303307856421,0.321696544687182
372,0.250576311588493,0.437089378113619,0.320275877899303,0.251893692958936,0.252567174556147,0.296236618278712,0.5,0.443587657416033,0.413921037597946,0.349956023082483,0.282071440418248,0.268340741473673,0.256105321487693,0.25,0.255858087993415,0.251837293685968,0.295847730484915,0.25594540059947,0.323851106526262,0.381653837546139,0.379496280353865,0.365892288000371,0.425847123910671,0.271627092403843,0.303410453525219,0.306672407026417,0.287651005482414,0.32242439512637
373,0.250769391227281,0.438050070034288,0.320474892769454,0.251923188458265,0.252688122271439,0.296523243227391,0.5,0.443431870732283,0.41404642168182,0.350009089313305,0.282187256010241,0.268423223933511,0.256140777606405,0.25,0.256001353990291,0.251897070084691,0.295647519373861,0.256095114477663,0.32534146462832,0.382829259110753,0.380078171637427,0.366143048488569,0.426566561849683,0.271789187231907,0.303616850771406,0.306148150186324,0.287958393046272,0.323135713508542
374,0.250890685678115,0.438514325639555,0.320339439419003,0.251895784556127,0.25270967406795,0.296579915416277,0.5,0.443394485523715,0.413961168461457,0.349981893822219,0.282208683838032,0.268481563667093,0.256198705689244,0.25,0.256143794714248,0.251951540309878,0.295341213294605,0.256233112208675,0.327149767229015,0.384169611647954,0.380839474247839,0.366650726825341,0.428004319123252,0.271958096905496,0.303841891475164,0.305770064729819,0.288258424546126,0.323869124663636
375,0.250812119155754,0.438349672159842,0.319874308080948,0.25195012822226,0.252866130502331,0.29672503058001,0.5,0.443376888959639,0.413777298029501,0.349828538130631,0.282078421932327,0.26844883472659,0.256265174653775,0.25,0.256291098576524,0.252041191673396,0.295077036075112,0.256294452472742,0.32919255248102,0.385697977264965,0.381399212622216,0.366717017936129,0.429057344799495,0.272350695522586,0.303821429819776,0.305319810685611,0.28870323590377,0.324451173450887
376,0.250546120430747,0.437706888259139,0.3189923697736,0.251807449974816,0.252767344074726,0.2964842040783,0.5,0.443132254449636,0.413427324735212,0.349674344172213,0.281949925956224,0.268468320274467,0.256352188514191,0.25,0.256243061629728,0.251685632889931,0.294585574617844,0.256169636682857,0.3311581851792,0.387208369881151,0.382008744787067,0.366493429550516,0.430121359769887,0.27249899353438,0.303387674329513,0.304531397875649,0.288747248451248,0.324666378538073
377,0.250314638101084,0.437559352886708,0.31843093682902,0.251719525274567,0.252672159135979,0.296407001648732,0.5,0.443404833156697,0.413079652400315,0.349446819067204,0.281753803801918,0.268412311089546,0.256245877015843,0.25,0.256264167462012,0.251374016263413,0.294197781203812,0.25604093005263,0.333118877027744,0.388836071291583,0.382806332504031,0.366497182882563,0.431392437462392,0.272610027740031,0.302879338941111,0.303956416660757,0.288628193669394,0.324754064510715
378,0.250113651298148,0.438242443037445,0.318288810343757,0.251750110899622,0.252791489851283,0.296543646004228,0.5,0.443603562820636,0.413036238411372,0.349390921696176,0.281591000726559,0.268334806536233,0.256135251034775,0.25,0.256362513672891,0.251306477636093,0.29390357042076,0.256170059402443,0.335085581659019,0.390133265751397,0.383249801564584,0.36653839642559,0.431856946244596,0.272770513334186,0.302634185641181,0.303420223282608,0.288486041859219,0.324754698835909
379,0.250266740662626,0.439704910068509,0.318654159654685,0.251740014987038,0.252803542623974,0.2968561207951,0.5,0.443479778024403,0.413059133444739,0.349489741030702,0.281625185280607,0.268273156595514,0.25618031018524,0.25,0.256367300288003,0.251221687235663,0.293612856109935,0.256301590591133,0.337044537286019,0.391180558224047,0.38372746957881,0.36697327348764,0.43239634104719,0.273000903956411,0.302513233866315,0.303155627866184,0.288341708602703,0.324731553173734
380,0.250343813359658,0.442207693142869,0.319377448826951,0.251778925486882,0.252823664232275,0.29734266401487,0.5,0.443305702908177,0.412890088810481,0.34933624445908,0.281607379625492,0.268200133501276,0.256110688406712,0.25,0.256393096034345,0.251212570260583,0.293271616066439,0.256419375572294,0.33906360822938,0.392264000968744,0.38419518439685,0.367786472381825,0.432793401922613,0.273153893763631,0.30235460443867,0.302828637503107,0.28813268267375,0.324674830001663
381,0.250383015572341,0.443837448699079,0.319713265834915,0.252018844769255,0.253119765472924,0.297861481764287,0.5,0.442884784899828,0.412952577572981,0.349304316006635,0.281636703637576,0.268208587913445,0.256193129946963,0.25,0.256610611217388,0.251466712726471,0.292949317376879,0.256808116762027,0.341272408153912,0.393064823023472,0.384511262942623,0.368807224262426,0.433017473014654,0.273604276299702,0.302465316607096,0.302705257914883,0.288235439762758,0.324627963925303
382,0.250637096383704,0.444676102891583,0.3198961921074,0.252121200843814,0.253159602328862,0.298308934558041,0.5,0.442833731413797,0.413002802318028,0.349426012585134,0.28167564819715,0.2681823987237,0.256259588396434,0.25,0.256744377970396,0.251532521190612,0.292551273999903,0.257023337987353,0.343702332586551,0.393912771695324,0.384863994024376,0.369708095718261,0.433453686746738,0.273869254047537,0.302163738941554,0.302335485849538,0.287946972437888,0.324448561951869
383,0.250575292791166,0.445210635197533,0.319707658405885,0.252115892646106,0.253187554192048,0.298592474681921,0.5,0.44270943301061,0.412739955782456,0.349138089393746,0.281584195461204,0.26811392290276,0.256117541124573,0.25,0.256815627561438,0.251411000802083,0.292113212010638,0.257099382244597,0.346096023737989,0.395276320111973,0.385390065294892,0.37048617198442,0.433896084539642,0.273765979400511,0.301658944636372,0.301734200563487,0.287574220300072,0.324075448620117
384,0.250525107674095,0.445215535179151,0.319468952195569,0.252243431225206,0.25338482366536,0.29891197760741,0.5,0.442681986249335,0.412815725712202,0.34902957531252,0.28155853627579,0.268096313486922,0.256088832103863,0.25,0.256976988262105,0.25139372939693,0.291799207866147,0.257257061521466,0.348763338458363,0.396682433787038,0.385879268303398,0.371159049275678,0.434159890347843,0.273842531423228,0.301089850649667,0.3012927918981,0.287353147448381,0.323568292957353
385,0.250547649700788,0.445236250366942,0.319345037059478,0.252323259518645,0.253360981298076,0.299214849557217,0.5,0.442680337575877,0.412739980924621,0.348999431001778,0.281479091214013,0.268008016433827,0.256082898385733,0.25,0.256991862270647,0.251247819054174,0.29138783195504,0.25730227958621,0.351245838533562,0.397972926285327,0.386453048840495,0.371787319180143,0.434362559671084,0.273531910624438,0.30032306797202,0.300614796590017,0.286846873304601,0.322932644686787
386,0.25038358726725,0.44503611841792,0.319003309195937,0.252351368423085,0.253461495167019,0.299513169376205,0.5,0.442511755200692,0.412489848094969,0.348835722574703,0.281436155708569,0.268020233989681,0.256077105239636,0.25,0.25705736311729,0.251170596310943,0.290944456872966,0.257349820552632,0.353783019229186,0.399530707870912,0.386926742670161,0.372224298217976,0.434432594778543,0.273241943251593,0.299571171906319,0.300096852810585,0.286426077499066,0.322260512115382
387,0.250297163266092,0.444891232451435,0.318754997828317,0.252397866541703,0.25356597733732,0.299910674150669,0.5,0.442729260340723,0.412536134691448,0.34893703664156,0.281459764675544,0.268009258607818,0.256086871693533,0.25,0.257184317213825,0.251164033132913,0.290646774149642,0.257479985977477,0.356544534527136,0.400946111012944,0.387363936518992,0.372933759234019,0.434854899456936,0.272947985644345,0.298791760137356,0.299766047556561,0.286020094226396,0.321752511899521
388,0.250374744600278,0.445320823078074,0.318723914452526,0.252326548224731,0.253590812470435,0.300294949208497,0.5,0.442853833414467,0.412525672109761,0.34906418713118,0.281386694322998,0.267954782315119,0.256038425451494,0.25,0.257250872448614,0.251127477675294,0.290295633770581,0.257646751618159,0.35909126512728,0.402395861045853,0.387780370326567,0.373722847881708,0.435089343367289,0.272636448824526,0.298161029093062,0.299493840535956,0.285624115039693,0.321339426149661
389,0.250319506607873,0.445991690483224,0.318584737928975,0.252264832824306,0.253727308604105,0.300692809628393,0.5,0.442858198346736,0.412450602732523,0.348983761525332,0.281533126011376,0.268011328805033,0.256031959037305,0.25,0.257425536832155,0.251072093867074,0.290000751897471,0.257768838544223,0.361994393164815,0.403963655122669,0.388425968730155,0.374270034283597,0.435180124151314,0.272261389622162,0.297504545840563,0.299155021695678,0.285230418699591,0.320782738178773
390,0.250451941950281,0.446148762908593,0.318349149645573,0.252303616527476,0.253788926948041,0.301091638475819,0.5,0.442714738371708,0.412349446694486,0.348821377367878,0.281479720790639,0.268006956811213,0.25600835929917,0.25,0.257571627674608,0.251071657219313,0.289681480948459,0.257960800718749,0.364882000431409,0.405419895614587,0.388934736615829,0.375010988630101,0.435383309709717,0.271954108724105,0.296782643295139,0.298760009499096,0.284975386800797,0.320173765874016
391,0.250577686392491,0.446450429183449,0.318278741155471,0.25238249850883,0.253877299480703,0.301516477873881,0.5,0.442517714009543,0.412264912918766,0.348705813075688,0.281475753515193,0.26810579723027,0.256073305336739,0.25,0.257762705978111,0.251074187802187,0.289287026658106,0.258149968871115,0.367729767279198,0.406948648330386,0.389516692581138,0.375766286466045,0.435477739769048,0.271702182605455,0.296262539608762,0.298519769192083,0.284756148092623,0.319820858669784
392,0.250620255941638,0.446377223203169,0.318130732718759,0.252525478424036,0.254036850363056,0.301945825315608,0.5,0.442308651532181,0.412065156665609,0.348609676760417,0.281466314092863,0.268138424416678,0.256085938503879,0.25,0.257993933034774,0.251146349032576,0.288919185436575,0.25829631151585,0.370312459477963,0.407871526736866,0.38990609813845,0.376099039824556,0.435431465946004,0.271443472381937,0.295707710190691,0.298248029651552,0.284484810343454,0.319349896658855
393,0.250608416702817,0.44671846965109,0.318143508799734,0.252479231227956,0.253956946566529,0.302269746544683,0.5,0.442123472621931,0.411868701862908,0.34846301496889,0.281235668427722,0.268022054261741,0.256009194865932,0.25,0.257946688748482,0.251033256897513,0.288412997437028,0.258346184538604,0.37279618568559,0.409038247017265,0.390270718481078,0.376593441586472,0.435538501828063,0.271137010790012,0.295049432848805,0.298072269540207,0.284246439934746,0.319024168244989
394,0.250676899988442,0.447877620702187,0.318505349500133,0.252591599910953,0.25404267315087,0.302807114407106,0.5,0.441996719866567,0.411872765538604,0.348595474791695,0.281256094528435,0.267990979695402,0.256002997857315,0.25,0.25810001239987,0.250968027268701,0.288079164315352,0.258454863644731,0.375042459142409,0.410101917963091,0.39083668429015,0.37678437406582,0.43530354505227,0.270812317296907,0.294503266538745,0.297973895205932,0.283879490316935,0.318710372594275
395,0.250673202676789,0.449247670730916,0.318801451112898,0.252498263898932,0.253991379517366,0.303275706779411,0.5,0.442032749787554,0.411889815061317,0.348644258910055,0.281294984692198,0.268002336316391,0.255948636521882,0.25,0.258087793110513,0.250812893345475,0.287596706636676,0.258441270561808,0.377066206097956,0.41095634167225,0.391344372172543,0.376830727943905,0.434864391104396,0.270456378024397,0.293839625279034,0.297723235794952,0.283461648935795,0.318162396177594
396,0.250599626601898,0.450712756991353,0.319032665467287,0.252452056778215,0.253913831087541,0.303786485577167,0.5,0.442012707588198,0.411933514536132,0.348564391490509,0.281349201479696,0.268056252132669,0.2559925829442,0.25,0.258039236051333,0.250714221787949,0.287211094124315,0.258557474080647,0.379030702930488,0.41179157344516,0.391723683410361,0.377054702014282,0.434516369210308,0.269928055718172,0.293196329475758,0.297568784692562,0.283080363434689,0.31770998484735
397,0.250789540612462,0.451661632480069,0.319297443070645,0.252561904679307,0.254066200739189,0.304479655265777,0.5,0.442030795352553,0.411996399747688,0.348646078090104,0.28144694383986,0.268123386347482,0.256026152534419,0.25,0.258194191838118,0.250803037064238,0.286987811681222,0.258859832876876,0.380797959166174,0.412317863194895,0.391950766460097,0.376749317163439,0.43368013064733,0.269483081944521,0.292580201006542,0.29736058744554,0.282686167065062,0.317235363343556
398,0.250682073374047,0.45280813778614,0.319615611081804,0.252526579084952,0.254113602875064,0.304962246102261,0.5,0.442060897751938,0.41190960155045,0.348482377339853,0.281531151643154,0.26814142812016,0.256026256345288,0.25,0.258181322337377,0.250767507045087,0.286566974495108,0.25906271991578,0.382766827933717,0.413105134135277,0.392338517675386,0.376810265411186,0.433029083273066,0.269040060897687,0.291885783862201,0.297193356797432,0.282340484002594,0.316863455480104
399,0.250668035985057,0.453658161359601,0.319788342549596,0.252637138621633,0.254187486560361,0.305467590028049,0.5,0.441721754914522,0.411699078111259,0.348362835775043,0.281527419357565,0.268075758126761,0.256011105249581,0.25,0.258235074863655,0.250758563823583,0.286249565090041,0.259299645035579,0.3848775305221,0.41383383003995,0.392828569951363,0.37683003506849,0.432663404848357,0.268624116190025,0.291296034037024,0.297113691850641,0.28215687157661,0.316511426625755
400,0.250886416899033,0.454098676059827,0.319967695107624,0.252811552461489,0.254413962149563,0.306060942442727,0.5,0.441498059561434,0.411630780796291,0.348443036650529,0.281496565647678,0.268073943956958,0.256080079558559,0.25,0.25852188032687,0.250826528524805,0.285983802350227,0.259564829957788,0.386920402341189,0.414817110999023,0.393620722283558,0.376737457726678,0.431902034058767,0.268321754975737,0.290711324691497,0.297031954626571,0.28198747773452,0.316198918500326
401,0.250774849719549,0.454433107212077,0.31981498331331,0.252771714649205,0.254397327757998,0.306345670468366,0.5,0.441441788275408,0.411553585411717,0.348324204663047,0.281482171148696,0.268121036946563,0.256073310202522,0.25,0.258558116376533,0.250688150503073,0.285515603770756,0.259560469079828,0.388943959943989,0.415729263005761,0.39418847048468,0.376795007278329,0.431265873367276,0.267811384123063,0.289957407419616,0.296725776926182,0.281631297532323,0.315627995446949
402,0.250756617472573,0.454445702711578,0.319509963996733,0.252708855898073,0.254351353937474,0.306803669506919,0.5,0.44160883910659,0.411579539341825,0.348257454498403,0.281433090983458,0.268021561753505,0.256074485611158,0.25,0.258660627142012,0.250612046077396,0.285142445279328,0.259660339264544,0.39107263498656,0.416747712962971,0.394919041695322,0.376873120061314,0.430928439184498,0.267313918672344,0.289383417298998,0.296548280128996,0.281470168198052,0.315312371581365
403,0.250797975859733,0.454040213258527,0.319114148457511,0.252805387508189,0.254512725794809,0.307261678604975,0.5,0.44173447003766,0.411518040974779,0.348143490212338,0.281375398759089,0.268051193807028,0.256076171072235,0.25,0.258950421682027,0.250677031358797,0.284947503970564,0.259945220809645,0.393166468755851,0.418123802721044,0.395701692701645,0.376825593581593,0.430457444065141,0.266850032981384,0.288685283360019,0.29633347413532,0.281167913426884,0.315012247405438
404,0.250539601673212,0.453835299854277,0.318661760845384,0.252728598749477,0.254465630477636,0.307501263580601,0.5,0.441846456626387,0.411558679553471,0.348079981348565,0.281387748614101,0.268020669142071,0.255985067533072,0.25,0.258990473465696,0.250573551034755,0.28451295091779,0.260023597603439,0.39512147343869,0.419358685827611,0.396293648128931,0.376671329720892,0.430184446617743,0.266428456907172,0.288055113937435,0.296071097479483,0.2808780541934,0.314679108682033
405,0.250523096273925,0.45413410796146,0.318662208012282,0.252847593118865,0.254639305926765,0.307982288810503,0.5,0.44168357598245,0.411536716870402,0.348055904175512,0.281446539512139,0.268083714356661,0.256014327825587,0.25,0.259219623809306,0.250676032470394,0.284336828927559,0.260346367103056,0.396890136010787,0.420615413099907,0.397215695876433,0.376756937800349,0.429994029239742,0.266170745247068,0.287620633421396,0.296009861462306,0.280701240539876,0.314541509802044
406,0.250681794882067,0.454652070366552,0.318844446400613,0.253012936789085,0.254871374980113,0.308567709940669,0.5,0.441483097924046,0.411463354731357,0.348142908707481,0.281429037020288,0.268233206396088,0.256043335379688,0.25,0.259502558644671,0.250770179973278,0.28416211781437,0.2606860277875,0.39848395784528,0.421580884045189,0.398076844365942,0.37694407620387,0.429436934526337,0.266010491270971,0.287361169073269,0.296096658522706,0.280662940273715,0.314479998507814
407,0.250518264418631,0.455490005127721,0.319060375129985,0.252906653170316,0.254780924835288,0.308880911325439,0.5,0.441381865675793,0.411462021522335,0.348062003568884,0.281414965953533,0.268149490643938,0.256007235899622,0.25,0.25942847106999,0.25065194085816,0.283730272017849,0.260791411708601,0.399721194215736,0.421914940114055,0.398638740872658,0.376963618736361,0.428387628972984,0.265623777709256,0.286975297066081,0.296080976405196,0.28048865900445,0.314327930356874
408,0.250623397503567,0.456454749072985,0.319275075251454,0.25290726561555,0.25483318519753,0.309344181098073,0.5,0.441183836975047,0.411306719321837,0.347854494539079,0.281321398665754,0.268046177462255,0.25599506179754,0.25,0.25954022791692,0.250597169170622,0.283443186816775,0.261060516823129,0.401079119205784,0.422526268930677,0.399396445185689,0.37695276097956,0.427421887412268,0.265213248797329,0.286519624633314,0.296018039553015,0.280299836910305,0.314249943326421
409,0.250705503646494,0.457253758114972,0.319449709151077,0.252970622074538,0.254885958793991,0.309801147258746,0.5,0.441090965035083,0.411248370274285,0.347791875987675,0.281335363907242,0.267917438480773,0.255962351055063,0.25,0.259747085485241,0.250593223766509,0.283081101035341,0.261320135925385,0.402579635415796,0.423368922745344,0.400118705966831,0.377046737391367,0.426663027881495,0.264952785707185,0.286182828307706,0.296075517677689,0.280303942823556,0.314344345917263
410,0.250643969944242,0.457677577061788,0.319279764192108,0.252957315235342,0.254876478300183,0.310108579564668,0.5,0.441070070908556,0.41131918804852,0.347693371632777,0.281323982372223,0.267845486437516,0.255948633558328,0.25,0.259784271657978,0.250569775634221,0.282682260591493,0.261523556789513,0.403777684067083,0.424053016762385,0.400636440725525,0.376788399033637,0.42597004692434,0.26453028950203,0.285638599967164,0.295796476597772,0.280055544590406,0.314156354857764
411,0.250820186545812,0.457951883896756,0.319276786779117,0.253051702730887,0.255100305633333,0.310801262833743,0.5,0.440954158176423,0.411212205355385,0.347727493055327,0.281419381794733,0.267931723789673,0.256011179637842,0.25,0.260054071002311,0.250634159299052,0.282477196031606,0.261854346565572,0.405221523716701,0.425242949025998,0.401646703368683,0.376758615002905,0.425597554261822,0.264295413090028,0.285292896952019,0.29572403288549,0.27998950338709,0.314180089354847
412,0.250913633160667,0.458128211074197,0.319353771234912,0.253142372437771,0.255180586735117,0.311383011774334,0.5,0.440959723214819,0.411185830941931,0.347910368516171,0.281529908201417,0.268013181893227,0.256022349475553,0.25,0.260236775985714,0.250704008163122,0.282262375252698,0.262122685058654,0.406335527259773,0.426198980003079,0.402544725206175,0.376729880132219,0.425093624614027,0.264126003361155,0.285060990404134,0.295764947180277,0.280047518118723,0.314232909853184
413,0.250946977304163,0.458293248358534,0.319368297165283,0.253189494578208,0.255276352269545,0.311914285855341,0.5,0.440925342116091,0.410996693457923,0.347905719967547,0.281467852922967,0.268057120251928,0.256039729441811,0.25,0.260345298957506,0.250707651212262,0.281981417735442,0.26239087146615,0.40692586796436,0.426781498339696,0.403404664983644,0.376365366502561,0.424300682902085,0.263715374407105,0.284657616427031,0.295656545265924,0.279923077910405,0.314069827340773
414,0.25093867528324,0.458179246283397,0.319350044580171,0.25319170509563,0.255218403150368,0.312300740559686,0.5,0.440813083879017,0.410689892286804,0.347789199253937,0.281382416797106,0.268016610965577,0.256035942641319,0.25,0.260462598930227,0.250613327152496,0.281623432831726,0.262598405246751,0.407201996531137,0.427249864447135,0.404074877912717,0.375726386001149,0.423144525739487,0.263332475351701,0.28415692225269,0.295599867229775,0.27979969163542,0.31391676761886
415,0.251007712394245,0.458401328248232,0.319334865033021,0.253273032888125,0.255312379632169,0.312621895280886,0.5,0.440831608728399,0.410750454415227,0.347735924879151,0.281347790222337,0.267934871589564,0.25598478298917,0.25,0.260660507665176,0.25067120368461,0.281344698946245,0.262908093385399,0.407160778806845,0.427651463871678,0.404629928790529,0.375224141445156,0.422326367169578,0.263020592579249,0.28370889623912,0.295561291929455,0.279707461976463,0.313920269400227
416,0.250968739824518,0.458696723291509,0.319224225199369,0.253255708560787,0.255400969590609,0.313058954820047,0.5,0.440870326147106,0.410627796146462,0.347578340383551,0.281346504166075,0.267930670103769,0.256003759150236,0.25,0.260756130948624,0.250624683107895,0.281096413277205,0.263103962860173,0.407428612637633,0.428518326421656,0.405560200111543,0.374769348961433,0.42154873444404,0.262620567852933,0.283175992860892,0.295489778270725,0.279516104274615,0.313796966885343
417,0.250909406326939,0.458877442569464,0.318999683337434,0.253243427045332,0.255426599303297,0.31367525132631,0.5,0.440886449014911,0.410709739959497,0.347529030371889,0.281238903779289,0.267806141033544,0.255949518614366,0.25,0.260921532350313,0.250519375446584,0.280868766461307,0.26327649510202,0.407975129588906,0.429731128177084,0.40666145116252,0.374477527747422,0.420804685565186,0.262443232417069,0.282671775716708,0.295559442006793,0.279378167292511,0.313846543897782
418,0.250877064308146,0.459456286061507,0.318930115211893,0.253307467543912,0.25558460361499,0.314320994972652,0.5,0.440959136998802,0.410927357703078,0.34756117018691,0.281233031549798,0.267788529335672,0.25589509164809,0.25,0.261174851850235,0.250517499115772,0.280690911062021,0.263491953542126,0.408834209355627,0.431167209645297,0.408110688372584,0.37435702960865,0.420494898688034,0.262257217907326,0.282340561101007,0.295697802262401,0.279291616011663,0.314009470443517
419,0.250820021378522,0.4593791618117,0.318708910824803,0.253357668346331,0.255637015102711,0.314931717375079,0.5,0.441048627100886,0.410860762781697,0.347578517921981,0.281105935497701,0.267801195329709,0.25590323196158,0.25,0.261383055941467,0.250533530489863,0.280503770949814,0.263709080183507,0.409792082028646,0.432426981656044,0.409418998725426,0.373875862567604,0.419886321879934,0.262039187327694,0.281912849544804,0.295668399349773,0.27917526190069,0.313955365402545
420,0.250805517377144,0.459776328890023,0.318679325021625,0.253412257267445,0.255689376892975,0.315564531581377,0.5,0.44117844911382,0.411159429779643,0.347574642154908,0.281074544627648,0.267784991492531,0.255872652025369,0.25,0.261629724886732,0.250554725368417,0.28030668853703,0.2640004722499,0.410818600863892,0.433532636243877,0.410479092771128,0.373561032792002,0.419493187360259,0.261904683789226,0.281529651122279,0.295676208872255,0.27912944499181,0.31406157304231
421,0.250835976983213,0.45971836724249,0.318607372812487,0.253413945872939,0.255745414286156,0.316063674997153,0.5,0.441198432823011,0.411204863177731,0.34758606268801,0.281048257697079,0.267830854345408,0.255900022296674,0.25,0.261806772903887,0.250563940474374,0.280083100562926,0.264275506713518,0.411702495931683,0.434155599037787,0.411269901193498,0.373198240841463,0.419116245210211,0.26165753253353,0.281222600621171,0.295613379278825,0.279056787595583,0.314130415231674
422,0.250862222012505,0.459925013552174,0.318585961406509,0.253459710961188,0.255792204771685,0.31668378909273,0.5,0.441265405343194,0.411297860262809,0.347620586224922,0.281009200967132,0.267858543687369,0.255912953158315,0.25,0.261995229462267,0.250582217135205,0.279912380874066,0.264567538963403,0.412915742224991,0.43494391119119,0.412067054453454,0.372780838005086,0.418653672512356,0.261502062192665,0.28085620830482,0.295662542425831,0.279038921599219,0.31425807040265
423,0.250857154802011,0.460344208984704,0.318584229664677,0.253459275982187,0.25582424612018,0.317364526033412,0.5,0.441313356701743,0.411343471455052,0.347649209498943,0.28099406262992,0.267826709007917,0.255874348280576,0.25,0.262198986111962,0.250539960505287,0.279705834684137,0.264853548413057,0.414271724680566,0.435780170743538,0.412905040641665,0.37223441182489,0.417943688742133,0.261333416728568,0.280508523611409,0.29570958007631,0.279038475842306,0.314383874920449
424,0.250883910300718,0.460358326267723,0.31856483501011,0.253476279589096,0.255882581092151,0.318016418074446,0.5,0.44123425810713,0.411160106964469,0.347669544707349,0.280970815579467,0.26779437790985,0.255837315217613,0.25,0.262396035690238,0.250545492464705,0.279477895502817,0.265168823080275,0.415530906174595,0.436401845452567,0.413703484038013,0.371640307499111,0.417143471537279,0.261138916416003,0.280232472234473,0.295785588053196,0.278983191331201,0.314578711165213
425,0.250814501244516,0.460933461537562,0.318655708427251,0.253484618870633,0.255934854477997,0.318780066776852,0.5,0.441247001300649,0.411110667423509,0.347617080756561,0.280983268306204,0.267783982827633,0.255818868262392,0.25,0.262619352816052,0.25052919254509,0.279331831286175,0.265473409696458,0.416883317193616,0.437355820499703,0.414564870299744,0.371154215593126,0.41645942435212,0.261001031738156,0.280002615408155,0.295983007897128,0.279012015152721,0.314837042059968
426,0.250777763522509,0.461126024863291,0.318674284602661,0.253464587005388,0.255964565417706,0.319490676621822,0.5,0.441162908783771,0.410910734409662,0.347561529977299,0.281022165173772,0.267756433490689,0.255762280105158,0.25,0.262889659140589,0.250494902079856,0.27919556840983,0.26579269064747,0.417729883387183,0.43803963159759,0.415317750296017,0.370550366823671,0.415577157085869,0.260780442007394,0.27972114507059,0.296002900629881,0.279011554086149,0.314972354535881
427,0.250841343144393,0.461549391785232,0.318779392606268,0.253487476207735,0.256067584603605,0.320352139704406,0.5,0.440913463480497,0.410719735369462,0.347433768094743,0.281003215009463,0.267756833261303,0.25575103881819,0.25,0.263223317349338,0.250499238245884,0.279126919688536,0.266182636591936,0.418376616243671,0.438775849558539,0.416090837429005,0.369842831878239,0.414771699790425,0.260608321892322,0.279519031722696,0.296104939418043,0.27902193608236,0.315249595036661
428,0.250877881574814,0.461794663326484,0.318746684897162,0.253433831760347,0.256111069482598,0.321258029299888,0.5,0.440840960604574,0.410633124123552,0.347405946444511,0.280988026627933,0.267768534224013,0.25577356290187,0.25,0.263602925891203,0.250471004221192,0.279029504973058,0.266546234943912,0.418713273173849,0.439491315882502,0.416818475310265,0.369018066891999,0.413769429223458,0.260450219138539,0.279315723999794,0.296195921375978,0.27911580455529,0.315482937431277
429,0.25096917295917,0.46196458126319,0.318706112914238,0.253481520634944,0.256223318852709,0.322149558884759,0.5,0.440684028418492,0.410462045566435,0.347347761269712,0.281025871767699,0.267822483418353,0.255788934496569,0.25,0.264047446320606,0.250564474527381,0.278959728359792,0.267002478983141,0.418603433771979,0.439812251290021,0.417331665100791,0.367936141930259,0.412495660098408,0.260284727157626,0.279150561062244,0.29622187577173,0.279227725075947,0.315695467068581
430,0.251082880402584,0.462539586551024,0.318822673142135,0.253512814000323,0.256392896685162,0.323261215761578,0.5,0.440559438497941,0.410374741409244,0.347277411088897,0.281063499102374,0.267869584862573,0.255845174748765,0.25,0.264525835043597,0.250647018896269,0.27895468191776,0.267463905441509,0.418799994048658,0.440550481825585,0.418112234875399,0.367158197139528,0.411542645158449,0.260191229333866,0.27913263869157,0.296435955716215,0.279354896995754,0.316187354500201
431,0.251018081386798,0.462810396367673,0.318781500341012,0.253530714107749,0.256444940641856,0.324299367667209,0.5,0.440482941181332,0.4103533404706,0.347185805071466,0.28111879707948,0.267900467537554,0.255876988939213,0.25,0.26492997639592,0.250687313158524,0.278903953178598,0.267914766955893,0.419243774542793,0.441270328607917,0.418891480550801,0.366728607570575,0.41084087957335,0.260063018545279,0.279145910017285,0.296730004242409,0.279544856404451,0.316753036797939
432,0.250951988334464,0.463527783371144,0.318807243392032,0.253567902334094,0.256496044735967,0.325384306586225,0.5,0.44030461099632,0.410348030288716,0.347070355917134,0.281026519827398,0.267909365436388,0.255884023008192,0.25,0.265338024860155,0.250633609723821,0.278841624900164,0.268339475019312,0.419984869205095,0.442066955279146,0.419668652828247,0.366110700737138,0.410218584554836,0.259958090441014,0.279151307304789,0.297024464727502,0.279755478724128,0.317310947725828
433,0.251008101594078,0.46400971486385,0.318792740296722,0.253559681539622,0.25658908110691,0.32655389141387,0.5,0.440224881560972,0.410178566491878,0.347127478004487,0.281009518946152,0.267893879022876,0.255837862953593,0.25,0.265785983420075,0.250643056251874,0.278872590795802,0.268778140912724,0.421352193152805,0.44322336568249,0.420768836615958,0.36554737619096,0.409706653637257,0.259942434696921,0.279226838741807,0.297344067340133,0.280012019529819,0.31798751184616
434,0.250979248960279,0.464178674714396,0.318697696654641,0.253463942978429,0.256499242024399,0.32763513336289,0.5,0.440248058384292,0.410276263621898,0.347078790854829,0.280998087249766,0.267872543554037,0.255857670859599,0.25,0.266059141616146,0.250566990785139,0.27877361744695,0.269110016223297,0.422549846965873,0.443856677540517,0.421334783919159,0.365009334108452,0.409240755712596,0.259758855454402,0.279252288103348,0.297593188488247,0.280167992856079,0.318521446616476
435,0.251001641107048,0.464645891699926,0.318739225611597,0.253484747728273,0.256604588826183,0.328847738170836,0.5,0.440371566561622,0.410302264057487,0.34714769941942,0.281054118245916,0.267926862301494,0.255862584649516,0.25,0.266555320561458,0.250566679469554,0.278831206165281,0.269519995106762,0.424021055672031,0.444855037924768,0.422216540561843,0.364380147529689,0.408680204049845,0.25965281095215,0.279248098556807,0.297809073090961,0.280403699759398,0.319148562978371
436,0.251022264221684,0.464772232810612,0.318680740367431,0.253498938693041,0.256677282695688,0.329993042313672,0.5,0.440276140904329,0.410173395475139,0.347119088053289,0.281075346400401,0.267921394778034,0.255827120372277,0.25,0.266993291328958,0.25056521164868,0.278795682602192,0.269886054489672,0.425446221410107,0.445481778710884,0.422861013593423,0.363721379290696,0.407827340910365,0.259473190079405,0.279218994217191,0.297963562686201,0.280573225723192,0.319703065406405
437,0.250973032601033,0.464942797084759,0.31862529430825,0.253553177702003,0.256763224254467,0.331173380479036,0.5,0.440205609478116,0.410163888752081,0.346953370743173,0.281027461383804,0.26787668360856,0.255868670202383,0.25,0.267502628046754,0.250569470905901,0.278767397878367,0.270309487045773,0.42667759705658,0.446081163551714,0.423250091877419,0.362844439809477,0.406831260306301,0.259301001257978,0.279053769972308,0.298077505385914,0.280734214741236,0.320133596256871
438,0.250960402839463,0.465330436692015,0.318681919628687,0.253621502399771,0.256909991521057,0.332424566228228,0.5,0.440017769175049,0.409904726147314,0.346852662556818,0.280967146386936,0.267844934231634,0.255850306395115,0.25,0.268125369523524,0.250583274624409,0.278814238284651,0.270751091376715,0.428298129531639,0.447128099617162,0.423955348025936,0.362011053327345,0.405939952603534,0.259230756270209,0.27897019577713,0.298280402300332,0.280986789333864,0.320705320418443
439,0.250908731392396,0.465299560836848,0.318597780925124,0.253620031323272,0.256905269910953,0.333522020514792,0.5,0.439854382640789,0.409804052637411,0.346852325239036,0.280919742025255,0.267768624304379,0.255790358469824,0.25,0.268604187523786,0.250524479940118,0.278788300871857,0.271110259212638,0.429829962078701,0.448022502452994,0.424336012573053,0.361271439981364,0.405247180156729,0.259065615785877,0.278890244267286,0.298532070230092,0.281167835611882,0.32121202251179
440,0.250906389000529,0.465398353824705,0.318599769726605,0.253664934648699,0.257010696084448,0.334680949612084,0.5,0.439972961170957,0.409876013359042,0.346863576439192,0.280941955071388,0.267721220551497,0.255794419082319,0.25,0.269186569418862,0.250551119657651,0.278876268831185,0.271594601512504,0.431465895550292,0.449147792353759,0.42491467206717,0.360699768472895,0.404823921048507,0.259011456100801,0.27884192125236,0.298825739412185,0.281383690977109,0.321783376681299
441,0.25091457653861,0.465573077842542,0.318609237887056,0.253719650379154,0.257108646834946,0.335855560326286,0.5,0.43996423666591,0.409974945565548,0.346857900769288,0.280967541970289,0.267740927114691,0.255760258705587,0.25,0.26974108373195,0.250585411835946,0.278987385091968,0.272105031839563,0.433093907507237,0.450270754304805,0.425591263705966,0.360122571015124,0.404471866685577,0.258933250826763,0.278834998701443,0.299173270563187,0.281556251859956,0.322414233615543
442,0.250948017095407,0.465720880373977,0.318587609811538,0.253777059000246,0.257224244748466,0.33698300927984,0.5,0.440037420805267,0.410079951225263,0.346950308610808,0.281007221890274,0.2677512093745,0.255778175357356,0.25,0.27023794128543,0.250674120932762,0.27910708777557,0.272711655493209,0.434444626547306,0.451374391574768,0.426233992294733,0.359505236640066,0.404034581993446,0.258939714805906,0.278861475411356,0.29952097067763,0.281871378627749,0.323006482177684
443,0.250996543462978,0.466103323317897,0.318540758579765,0.253735120152705,0.257329505379218,0.337903709834873,0.5,0.439968659630119,0.409960210295783,0.346859530017655,0.280988758926344,0.267793057121412,0.255820883378258,0.25,0.270653691829043,0.250720340058724,0.279123719442669,0.273254074742217,0.435403182283865,0.45197233057669,0.426434297676476,0.358523790939475,0.403087132102459,0.258854329873028,0.27876934552806,0.299656391813517,0.28194277052602,0.323410951310861
444,0.250980495646385,0.46664202241888,0.318571892494322,0.253759701774418,0.257439715242053,0.339039605641808,0.5,0.439927106416231,0.409804249128333,0.346792959150205,0.28100431262619,0.267840810424656,0.255834217968704,0.25,0.271159955467487,0.250815784190106,0.279307650897927,0.273863823086702,0.436289935428881,0.452949747300859,0.426830583765748,0.357643495999581,0.402382909688195,0.258779957740451,0.278707205117157,0.300018942382838,0.282132110389976,0.323988777968784
445,0.25101421604494,0.467032050409524,0.318545843053076,0.25378401430261,0.257564792448213,0.340040741579208,0.5,0.439858069172031,0.409757543116653,0.34683920697272,0.280998515254316,0.267826266629075,0.255879201125707,0.25,0.271637753998515,0.250834953610884,0.279401839937132,0.274459729526666,0.437139098129231,0.453914292242447,0.427119516030598,0.356838528781264,0.401705188951133,0.258768533674021,0.278657019700808,0.300372468800069,0.28238003004327,0.324409475435213
446,0.25100306684512,0.467216819329235,0.318501463787226,0.253738849487144,0.257587341416253,0.34079066619076,0.5,0.439774311089933,0.40962245392151,0.346712423904435,0.280913323834024,0.267793658333417,0.255844269130677,0.25,0.272022307550282,0.250780986071973,0.279411298395802,0.274979149663146,0.43779713638487,0.454519878542835,0.427139939455794,0.356109750760018,0.401186495103319,0.25870000033778,0.278565446376213,0.300694525078899,0.282508879874076,0.324818597656807
447,0.251035251465861,0.467201469588267,0.31846182686768,0.253798837729305,0.257674049904601,0.341600177386745,0.5,0.439765531136777,0.409644081625887,0.346728840152222,0.280938508342469,0.267771279156647,0.255857669926365,0.25,0.272421511636695,0.250758556656058,0.279551939112604,0.275674556548282,0.43834974497083,0.455280404443896,0.427199184298756,0.355598014739814,0.401029114379684,0.25870838964329,0.278550372778552,0.301178513493774,0.282815157487986,0.325247221299319
448,0.251102879426475,0.467576318013345,0.318566269014345,0.253797328062804,0.257756911957744,0.342208356444413,0.5,0.439663767042879,0.409630086547618,0.346705579170512,0.280940890414761,0.267733784561152,0.255880559947976,0.25,0.272729647592699,0.25077888761319,0.279608635338675,0.276342247268075,0.438847053999055,0.455914539546959,0.427091774120761,0.354904259374756,0.400461298775041,0.258721661125559,0.278554963726269,0.301561856282022,0.283015307703769,0.325660130990212
449,0.251042408076591,0.467752630447942,0.318520547308643,0.253649933474548,0.257676021244066,0.342613279725413,0.5,0.439558547065353,0.409405332168714,0.346544466162359,0.280909607617804,0.267728020951409,0.255838379961719,0.25,0.272830382205023,0.250704258945874,0.27958864953196,0.276911272439367,0.438971255072291,0.456224826386449,0.426743065133511,0.354093470400804,0.399731266245774,0.258607378826284,0.278404874229402,0.301848555927031,0.283119324763719,0.325937474981631
450,0.251030051347115,0.468092575203762,0.318561808300991,0.25369401959493,0.257751888329365,0.343271692323645,0.5,0.439414264366312,0.409309071213851,0.346585524584131,0.280944121149975,0.267730788739657,0.255842779814069,0.25,0.273070523678231,0.250769040183525,0.279727069144503,0.277628548241125,0.439182427492449,0.456986204484753,0.426414651717209,0.35330715917258,0.399016893486403,0.258575878947131,0.278392704163996,0.302324411129935,0.283270948164848,0.326366941696251
451,0.251047142245523,0.468786065764244,0.318739849818686,0.253727765664825,0.257809409778764,0.343773288221486,0.5,0.439257278617976,0.409198912207862,0.34645051731049,0.280892931603971,0.267710840454123,0.255814631456598,0.25,0.273272308426117,0.2508500225194,0.279810822869317,0.278276615243586,0.439371795677267,0.457715693696871,0.426044061612688,0.352458559415755,0.398096186121129,0.258563854752981,0.27835623858155,0.302714969589198,0.28346399454382,0.326815698355343
452,0.25104500847147,0.469092460269869,0.318675657354353,0.253722754222665,0.257797157021501,0.344239763115969,0.5,0.439242602851176,0.409075950584027,0.346453816725748,0.280860183021058,0.267751721180167,0.255804243787793,0.25,0.273431409376486,0.250856171656476,0.279935110075536,0.278999714173821,0.439567038826674,0.458506583214609,0.425548028274506,0.351778357051726,0.397574659660803,0.25848629387142,0.278286364665965,0.303037579205227,0.283672904800771,0.32722866554697
453,0.25108017250779,0.469730039797874,0.318833687463415,0.253832696149021,0.257946155340436,0.344662042585168,0.5,0.439202939369165,0.40908913020237,0.346504235698039,0.280909836781033,0.267772782974863,0.255836200695657,0.25,0.273704984029845,0.250956062480206,0.280178468699427,0.279823528732208,0.439802129193831,0.459348658771958,0.424917515662114,0.351194780877272,0.397228102863072,0.258475658026781,0.278361876231921,0.303553325989748,0.284002023738386,0.327896643935917
454,0.251132263714757,0.470372558419509,0.318894688492755,0.253881550861408,0.258048087689908,0.344851934829549,0.5,0.439063285728279,0.409013540704702,0.346409573731931,0.280945547710025,0.267822412422734,0.25587743937595,0.25,0.273804949738537,0.250983525641747,0.280371180536595,0.280640845228264,0.439670550201749,0.459724173701109,0.424108522920933,0.35047980594276,0.396666298857495,0.258479112498689,0.278385602572343,0.303927127176174,0.284342593638822,0.328513257632952
455,0.25106483929334,0.470653374574152,0.318766703041947,0.253878092164216,0.258117034087593,0.345144022238723,0.5,0.438914093192418,0.408848706470399,0.346398583371293,0.280950345241058,0.267858474076148,0.255849127900967,0.25,0.273935860328064,0.25097739925094,0.280557146255507,0.281512812062236,0.439616213255001,0.460359017890372,0.423259547404185,0.349765828820303,0.396257321123339,0.258380786653347,0.278363337340871,0.304380486438238,0.284656015452215,0.329302605730276
456,0.25108258548838,0.470846829751034,0.318722120842627,0.253916528204305,0.25823083423755,0.345337238692003,0.5,0.438604376975577,0.408719226781743,0.346297580856002,0.280972940530814,0.267876478376601,0.255841803272844,0.25,0.274004126164072,0.251033295336355,0.280837925465473,0.282431613351028,0.439225120309691,0.46078820137997,0.422197970163764,0.348944600722677,0.395663799774103,0.258355682966724,0.278426429360769,0.304866443584434,0.285032986503109,0.330225401165002
457,0.251037637636297,0.47109450283504,0.318548924927453,0.253908648763257,0.258274062272503,0.34562143688374,0.5,0.438310575654332,0.408560575606269,0.346120077797777,0.280894726002582,0.267815979414497,0.255755616577913,0.25,0.274090448371104,0.251061008494703,0.281115721435625,0.283445715724373,0.439123549952679,0.461624308487464,0.421395561461,0.348071793157283,0.395017596878948,0.258239311803401,0.278397237914748,0.305257352897162,0.285451720645993,0.331236059283812
458,0.250950396391894,0.471054255771116,0.318310593793632,0.253900435060902,0.258332116465324,0.346002335634072,0.5,0.438378298027994,0.408552785946819,0.346013204613855,0.280825200920331,0.267747882061773,0.255714247146696,0.25,0.274236133105115,0.251130320275575,0.28147160310985,0.284547151928623,0.439358081123962,0.462787556685033,0.420624934180772,0.347419790196315,0.394738614279932,0.258134041838556,0.278413193805609,0.305746878426684,0.286024167213011,0.332503928065392
459,0.250963794131498,0.471237496628639,0.318275378075149,0.253883396990787,0.258429213571435,0.346272944143987,0.5,0.438493295301581,0.408669481924242,0.345995850362162,0.280840018630779,0.267674928076779,0.255742097038743,0.25,0.27432461707834,0.251184451909015,0.281843703929171,0.285564220432138,0.439565278222404,0.463666663730042,0.419802051540444,0.346820893256842,0.394507977837864,0.258111577117233,0.278503940148416,0.306167349239725,0.286665018458169,0.333820857324612
460,0.250981363756511,0.471508859600615,0.318322839811562,0.253896778006031,0.258513380638336,0.34659796664205,0.5,0.438358265005344,0.408744015974004,0.346014391951826,0.2808250004729,0.267648380419699,0.255739481493102,0.25,0.274462894429618,0.251206522532793,0.282197821575912,0.286572033413154,0.439668735158559,0.464419872174458,0.418963276539868,0.346373424785622,0.394391615807574,0.258129184418366,0.278650788756567,0.306684210166502,0.287430010853787,0.33521224820799
461,0.251022700495327,0.471839740024313,0.318315724465474,0.253879074501664,0.258545394587911,0.346761238637937,0.5,0.438337062844075,0.408693900965862,0.346066393017668,0.280864979287482,0.267714629623454,0.255792397676512,0.25,0.27449040247968,0.251218293510514,0.282450233075765,0.287476075871713,0.439407879459835,0.464731660187118,0.417654832297629,0.345855725351831,0.394176618617368,0.258135068420926,0.278866798199556,0.307113559356965,0.288232223960941,0.336789903205696
462,0.251073192115859,0.472407582270238,0.318441574517993,0.253822160787361,0.258615250107802,0.34696116246385,0.5,0.43815963238175,0.408591804436551,0.34600633540227,0.280920964693962,0.267731239488558,0.25578740292889,0.25,0.274563642031857,0.251207802132341,0.282808602248103,0.288436010840355,0.439043304545211,0.465138202515892,0.416183791572644,0.34522743955983,0.393786598716116,0.258169248610693,0.279107423742517,0.307623045036013,0.289254266319909,0.338689883512542
463,0.251081608565037,0.472900571345094,0.318502401715624,0.253750178774817,0.258603911867999,0.347125094946001,0.5,0.437855616158994,0.4083805267903,0.345847677443246,0.280892598673722,0.267739245033535,0.255731740350387,0.25,0.274593360606886,0.251220150775417,0.283147780012031,0.28958990159669,0.438302936028921,0.465414013069458,0.414200292706929,0.344255520447628,0.393210159293777,0.258114005652336,0.279283265493146,0.308153454827689,0.290436100811318,0.340932685606587
464,0.251046626265139,0.473170481901247,0.318405613970842,0.253683000314227,0.258564393950169,0.347241583234347,0.5,0.43759430610099,0.408031153884739,0.345585996424271,0.280866326768916,0.26775833506907,0.255737088616444,0.25,0.274575757883912,0.251190444629715,0.283492558322818,0.290706485820013,0.437716079684718,0.465808252809582,0.41210235994272,0.343242778353359,0.392703756888023,0.258061270410229,0.279451046099108,0.308613346849,0.291811317887595,0.343712676630585
465,0.25110266757156,0.473184950273216,0.318420225611555,0.253647609968484,0.258584842182554,0.347427198876617,0.5,0.437468650901395,0.407847333567262,0.345476655849417,0.280859388102385,0.267701140589427,0.255739877646129,0.25,0.274649148237408,0.251210276091724,0.283972147330555,0.291857317221592,0.437086373801912,0.466490695439912,0.410206328844299,0.342263927250523,0.39219065516046,0.258076333986192,0.279677718992175,0.309155776948268,0.29335484210903,0.3466366023109
466,0.251132661772915,0.472749562319527,0.318252482233694,0.253757159567543,0.258708767399678,0.347395687816784,0.5,0.437277073356205,0.407643515043507,0.345469790498599,0.28082376443881,0.267738201181317,0.255768206921259,0.25,0.274774138027736,0.251424142939376,0.284521613243778,0.293027018179804,0.436053505408372,0.466453366426873,0.407836016850156,0.341265582904669,0.391741840363432,0.258140848765037,0.279988103914194,0.309605541409445,0.294976227731971,0.349751995351529
467,0.251188856378663,0.473013081906883,0.318219143594945,0.253865481200393,0.25887043063257,0.347703322029243,0.5,0.437251427125873,0.407568330245214,0.345566427992937,0.280884074560516,0.267813595717868,0.25581480709478,0.25,0.274952847633268,0.251571872741659,0.285087166664335,0.294175116702893,0.435447434186958,0.466941009090118,0.405995609625766,0.340595011668437,0.391593317712922,0.258206444567037,0.280324841565635,0.310198113280337,0.296796709024876,0.353179840427282
468,0.251199147166643,0.47376792711733,0.318394493422412,0.253898218965982,0.258995854136499,0.348091116450657,0.5,0.437328265456044,0.407611701281267,0.345658098037551,0.280933790300491,0.267805927315671,0.255813380350871,0.25,0.275151303622607,0.251679986383263,0.285683474000567,0.295326073857627,0.435082452905939,0.467725382133367,0.404293369797464,0.339902949762246,0.391447375392085,0.258265086955828,0.280687887520496,0.310928669906179,0.298863482727819,0.356986434306224
469,0.251123993986464,0.474365842775781,0.318449049699798,0.253999393565619,0.259121135024236,0.348445994800445,0.5,0.43713483636922,0.407585218378357,0.345584120759615,0.281002369868099,0.26785381103439,0.255771857477463,0.25,0.275286576799446,0.251789597259838,0.286273080132168,0.296449103999793,0.434429442278102,0.468059078702845,0.40229515120459,0.338917709549173,0.391205970587377,0.258229497858882,0.280863445570304,0.311543399785406,0.300961606898308,0.360986935877029
470,0.25111005238696,0.475109797051494,0.318508558350514,0.253952253748604,0.259113929726808,0.348790423393474,0.5,0.43690648131817,0.407485460739828,0.345506625720563,0.280984957940793,0.267841834813354,0.255781635720548,0.25,0.275335639008941,0.251711093940738,0.286643057465659,0.297479389704699,0.433839732662706,0.468664645014899,0.400195000697218,0.337879045888437,0.390797518343034,0.258140790333563,0.280887382470628,0.312175097918528,0.303293402078195,0.365370536306932
471,0.251058382711086,0.475316725235818,0.31844012532693,0.253923698390276,0.259143775058739,0.349176144212441,0.5,0.43657996758957,0.407268591810673,0.34535541907616,0.280984723385336,0.267804011894585,0.255788545119935,0.25,0.275447497396744,0.251743517844429,0.287228917629957,0.298465510501208,0.433317784346062,0.469472850473278,0.397965139538992,0.336832453653351,0.390529536496494,0.258146768053343,0.281027489724226,0.312750422053446,0.305838932404325,0.370284882057744
472,0.251084618619362,0.475398965552376,0.318376858876949,0.253917958163141,0.259224306985032,0.349396618317649,0.5,0.436449991688284,0.407080062089439,0.345320409945275,0.280957497921094,0.267773372971379,0.255782748025102,0.25,0.275526968658236,0.251787624649545,0.287719423665712,0.299343894999776,0.432153353420737,0.469533728679285,0.395298573702946,0.33564878980182,0.390147720302184,0.258110473657631,0.281017571945291,0.313240122173251,0.308295070290665,0.375281621115259
473,0.251091179003219,0.475653617842484,0.318332563371355,0.253802432056056,0.259221049244586,0.349704373145518,0.5,0.436373171178208,0.407032813682268,0.345324821913303,0.280870746738485,0.267768378049852,0.255784961547582,0.25,0.275616650173395,0.251790962831888,0.288181334389398,0.300222845482613,0.431218733104789,0.469900835415022,0.392781318593316,0.334795613005197,0.390082889383485,0.258172556424366,0.28114286325073,0.31395112921147,0.311057186739948,0.380712742857224
474,0.251037872549948,0.475850188160027,0.31822122612245,0.253718168721495,0.259178117069496,0.349829571169403,0.5,0.436325387693255,0.406984098862326,0.345292235404837,0.280913281878055,0.267733107996286,0.255738853271919,0.25,0.275688122241496,0.251701567412445,0.288652669827728,0.301001237645128,0.429975737336393,0.470167953539847,0.390343394950899,0.333778414716243,0.389957888648633,0.258212449073983,0.281208469357934,0.314551516190354,0.313721693329524,0.386010251884895
475,0.251107669284863,0.47612714100279,0.318208652869584,0.253837137211873,0.259315156279149,0.349921391596359,0.5,0.4363150375281,0.407033343427015,0.345290678337643,0.28092433947144,0.267740729282647,0.255735857527298,0.25,0.275865519541927,0.251843206935602,0.289179777318607,0.30183256600533,0.428512303988783,0.470043262096641,0.387673049684164,0.332670774298408,0.389601319009265,0.258299700812838,0.281193291184656,0.31522161721127,0.316442798712332,0.391497399128643
476,0.251066280800677,0.476298597292731,0.318043841128481,0.253867406654754,0.259357510371896,0.35009963679455,0.5,0.436438193584257,0.406884591536819,0.345130010117456,0.280938255654917,0.267733988991254,0.255727393623431,0.25,0.275948398758141,0.251862538936435,0.289685823466088,0.302717167579344,0.427239293903215,0.470378509609733,0.384926125904201,0.331674463937644,0.389527809299767,0.258357796225675,0.281104502069726,0.315889869964917,0.31929402018364,0.397461363978691
477,0.251132016088793,0.476705532132826,0.318031380224007,0.253941304762493,0.259463625775298,0.350299480545857,0.5,0.436429545363132,0.406864529592033,0.345071313464041,0.280963988407853,0.267671832381574,0.255682298776288,0.25,0.276104249430574,0.25194226021464,0.290208784874583,0.303621201094194,0.426052671679474,0.47077382086219,0.382300990557974,0.330655587073197,0.38927855905736,0.258483429072413,0.280977908693326,0.316492578928002,0.321932225789184,0.40342728769983
478,0.251198653534379,0.476814863825011,0.317957240385011,0.253999854642504,0.259562983245179,0.350812931419454,0.5,0.436366318583318,0.406694777453743,0.344865444684255,0.280872300168374,0.267663992127006,0.25569095494641,0.25,0.276275301768496,0.252050795220689,0.290731922006947,0.304538485751512,0.425114113897639,0.471371544715704,0.37980529513743,0.329797234593048,0.389218559014638,0.258534081632847,0.280729738080703,0.317202497693357,0.324363016943093,0.409311294423152
479,0.251271974573119,0.47669432755564,0.317835360144821,0.253990330428718,0.259632429817253,0.351132188092416,0.5,0.43621279304704,0.406494383407724,0.344755782267252,0.280758081396542,0.267623929956086,0.255650649966029,0.25,0.276420842030248,0.25209587747795,0.291114025605385,0.305346886655532,0.423751752781721,0.47159021867262,0.377078264628639,0.328747498703159,0.38899982434652,0.258631740001222,0.280442589096625,0.317761215490927,0.326494976715914,0.41483726115705
480,0.251252919925332,0.476301646884322,0.317581279122582,0.254050377015467,0.259703008682984,0.351506516102,0.5,0.436069194844784,0.406525189287649,0.34463236534941,0.280668633574093,0.267588902013261,0.255634804607714,0.25,0.276632670009795,0.252237582621162,0.29152580193987,0.306081255020238,0.422305803999662,0.471681397588314,0.374293621644991,0.327743941627446,0.388831143126201,0.258710962489826,0.280080963347472,0.318382844982679,0.328621412452428,0.420474717718951
481,0.25118374992516,0.47585814222729,0.317391925371078,0.25410330024664,0.25980901732824,0.352024100877606,0.5,0.436184164291439,0.406649521491495,0.344725059708846,0.280535250527801,0.267504575380155,0.255615455217965,0.25,0.276888263711696,0.252335262658329,0.291966550533841,0.30697714480722,0.420952282847228,0.472083317895446,0.371345165720275,0.32675711377592,0.388888845176545,0.258823479287976,0.279587678435145,0.319191064919437,0.33070893483294,0.426532783686171
482,0.251163544970369,0.475861545091105,0.317657616217385,0.254167275262996,0.259979946576287,0.353237220601302,0.5,0.436921463320767,0.407627616405291,0.345398209182881,0.280623951786593,0.267528319085951,0.255615890348503,0.25,0.277291993871757,0.252333153767789,0.292677490530443,0.308236106920804,0.420597982861524,0.473328911467695,0.368978794756678,0.326443906022579,0.389917744499622,0.258983931009538,0.279236991991619,0.320445353635197,0.333283991774507,0.433553814422448
483,0.251135038342846,0.476323995751995,0.31815393340012,0.254257542414968,0.260150016766685,0.354712667028645,0.5,0.438185242617364,0.408905622070535,0.346340658616391,0.280860178481711,0.267641484417944,0.255626744798307,0.25,0.277828672479413,0.25230260030718,0.293513807346049,0.309540046144195,0.421099545174385,0.474965093149353,0.367783048929341,0.32673604890984,0.391564151481589,0.259114977712873,0.279068076118642,0.321861632919829,0.335647323517803,0.439493404938457
484,0.251141766693668,0.476551544290399,0.318339611772423,0.254303972894826,0.260250925980609,0.355459605832695,0.5,0.4385176975861,0.40926172611828,0.346664372399876,0.280915091292945,0.267667767425267,0.255620137757941,0.25,0.278187389789837,0.252297778800821,0.293983877466315,0.310284953117844,0.420714091337173,0.475625913127064,0.366261635234587,0.326583267529571,0.392163035572125,0.259230333438733,0.278830095321719,0.322627206049131,0.336970444604993,0.443158846805333
485,0.25113958593299,0.476468153317122,0.318301263174864,0.254331553225544,0.260338960500409,0.355858321073715,0.5,0.438510670637226,0.409272845571312,0.34671512459954,0.280957333035855,0.267678326133263,0.255606248729139,0.25,0.278471233387258,0.252314450673033,0.294305197223144,0.310763351994299,0.419827079130932,0.47590014781141,0.364397974934656,0.326119247436847,0.392212383820612,0.259297829210236,0.278522772353795,0.323113273582584,0.337811980300254,0.446011583748752
486,0.251143885253766,0.476272418629881,0.318046481644504,0.254371914314242,0.260415907087919,0.356017982241716,0.5,0.43820462321059,0.408850279552273,0.346473677891147,0.280900493816261,0.267648571835708,0.255581391608085,0.25,0.278749506813035,0.252343783443164,0.29455642201825,0.31109530503067,0.418081155760883,0.475839633935985,0.361741756469573,0.325302517439146,0.391826255595071,0.259403780692478,0.278068393925292,0.323544251892738,0.338446968634154,0.44885172605728
487,0.251083411991457,0.475936198078183,0.317470957956682,0.254320324874643,0.260397010488757,0.355890816455104,0.5,0.437282564572563,0.407949345384896,0.345840319620893,0.280709199833431,0.267535875769204,0.25553153926518,0.25,0.278937138471955,0.252345093565347,0.294645474539148,0.311149963133246,0.415548454356599,0.475343409872778,0.358172088126683,0.324121361481879,0.390928265479257,0.259497543457749,0.277463057427279,0.323818957210185,0.338787822276436,0.451501547102674
488,0.251102774038652,0.475941304820894,0.31720841787929,0.254330744869614,0.260486792540132,0.356125421651439,0.5,0.436876229439053,0.40755642176471,0.345602133947357,0.280649502253344,0.267536976715537,0.255546196424967,0.25,0.279257229159827,0.252389149514349,0.294920823878749,0.311468619606477,0.413571362876774,0.475377283715066,0.355154041529316,0.323218182498376,0.390420955271387,0.259607735438791,0.276988633644181,0.324362541150562,0.339224106052269,0.454233476998881
489,0.25110302082433,0.476077254429427,0.317054201541113,0.254339024752686,0.260558709276389,0.356530577464777,0.5,0.43669728136852,0.40730497513749,0.345441136121538,0.280608424352988,0.267544355578208,0.255560288375982,0.25,0.279544092169932,0.252419353963519,0.295273818484669,0.311722474642188,0.411687835003165,0.475169903757063,0.352441101048468,0.322600889589948,0.390192721051821,0.259738642105325,0.276632336110884,0.325029518554483,0.339790080313547,0.456779191379608
490,0.251150149219583,0.476315409844475,0.316983104035433,0.254381306790342,0.260678470996054,0.356974896787156,0.5,0.436458089660172,0.407102760592916,0.345279705655798,0.280580217666459,0.26752745513496,0.255577013928574,0.25,0.279916391993652,0.252545479623135,0.295724291669867,0.31197600971126,0.409672741643305,0.47480762806279,0.349550533563507,0.321948232203757,0.389935066361081,0.259960196967815,0.276327177453466,0.32582819381441,0.340336566487928,0.459049857847741
491,0.25119685310668,0.476767680549906,0.317004947470991,0.254403948541198,0.260785154612915,0.357562004753498,0.5,0.436248437891363,0.406839419097462,0.345126378750882,0.280563923906315,0.267542301856588,0.255594259926237,0.25,0.280299778347238,0.252626481875333,0.296213993522037,0.312299170052879,0.407700302653493,0.474545353518153,0.346640697466232,0.321322068005847,0.389646051141943,0.260160323772458,0.276067119943058,0.326727299261949,0.340927123771986,0.461265492937529
492,0.251217981954662,0.477184392944752,0.316952714400837,0.254382166787491,0.260844775605295,0.358120986996565,0.5,0.436104505041109,0.406619802544205,0.344968344623869,0.28058382958668,0.267551805344765,0.255594750029662,0.25,0.280582167630133,0.252667492312264,0.296667107573622,0.312386855639462,0.405911347437595,0.474098624383965,0.344124898957515,0.320792020186615,0.389431343949777,0.260323795439493,0.275836436599782,0.327429592782109,0.341441895040973,0.46292815015812
493,0.251247709139346,0.477892209297836,0.31696345762652,0.254363570652158,0.26092466068152,0.358717977590467,0.5,0.435849471357748,0.406540045763867,0.344892617572585,0.280603744847406,0.267596746447528,0.255616509553565,0.25,0.280931876822804,0.252716782461717,0.297172511951639,0.312526913918781,0.404260624336609,0.473861935472617,0.341868654723919,0.320310518838302,0.389284142829032,0.260484274631654,0.275702864594928,0.328225212477982,0.342004566367393,0.464554832922036
494,0.251193235525698,0.478570016139253,0.316896572622068,0.254286912562036,0.260928569939042,0.359299648749913,0.5,0.43553806979735,0.406235185974697,0.344652414672012,0.280609063364365,0.267620025989274,0.255585433424856,0.25,0.281269804959706,0.252754742871957,0.297758216949567,0.312572497531513,0.402313847776046,0.473531382938391,0.339426476406314,0.319660284470516,0.388855375209384,0.260513561358677,0.275573483379568,0.328903934434426,0.342426164004654,0.465814373677852
495,0.25121934692932,0.479049493030576,0.316763379395975,0.254211210179878,0.261003295845986,0.359904744714967,0.5,0.435164303914652,0.405904891436702,0.344315596912349,0.280615137534838,0.267613161264182,0.255595625133062,0.25,0.281655200034305,0.252831851918354,0.298484697739756,0.312509546279514,0.399684002925438,0.472928979851224,0.336487267044616,0.318737753567381,0.388146992982086,0.260672221362817,0.275463265535659,0.329599056532097,0.342946878705765,0.466922054295497
496,0.251247958359265,0.479273287395052,0.316639180409285,0.254213365335331,0.261095111260405,0.360616615434825,0.5,0.434915185032159,0.405700612476081,0.344203335712306,0.280514289979801,0.26753287899732,0.255519852053338,0.25,0.282193810761445,0.25294783223871,0.299320364084585,0.312546800276907,0.397425072889833,0.472457896135402,0.333589977030867,0.317892322032301,0.387763258863496,0.260806277337945,0.275414542534082,0.330500307349941,0.343727695810343,0.468241199867681
497,0.251352303065804,0.479529378735217,0.31667704727672,0.254332756844421,0.261267284021454,0.361602564171114,0.5,0.434896696019086,0.40553169857856,0.344099514031832,0.2805401772882,0.267553764972088,0.255555844300338,0.25,0.28291676326051,0.253206321866909,0.300379785568339,0.312702103304157,0.395498163422109,0.472210625132013,0.331152718526255,0.317178314769788,0.38771601497107,0.261040386833771,0.275575971185376,0.331394987917911,0.344778450277693,0.469366487296265
498,0.251372195576793,0.479767006602766,0.316630627982704,0.254376296472363,0.261396318724959,0.3623634035078,0.5,0.43480963743683,0.405463740561513,0.344175928109752,0.280550410927483,0.267579859962397,0.255573911637817,0.25,0.283482890546905,0.253344095992789,0.30130636072934,0.312721729170711,0.393677998532312,0.471861990259834,0.328836542024472,0.316454763023425,0.387626966329272,0.261252287185181,0.275664824847712,0.332085709864007,0.345771308171587,0.470304499095147
499,0.251327515151915,0.480208031328278,0.316663801003892,0.254491465988088,0.261532187900854,0.3633112189593,0.5,0.434847547565959,0.405482496438962,0.344206024104818,0.280556396494661,0.267583931691109,0.255539735294082,0.25,0.284113126302879,0.253594288581409,0.302379222420082,0.312823489073784,0.391976285476823,0.47168891128551,0.326734821190525,0.315770935634711,0.387738437314813,0.261376910263389,0.275841205382653,0.332997485290296,0.34696118084952,0.471352821589179
500,0.251219006963415,0.48077292941258,0.316702200009866,0.254494039702421,0.261628080105597,0.364161932641929,0.5,0.434699589445333,0.405346909166771,0.344066333660043,0.280544796110358,0.267574104511007,0.25556763878767,0.25,0.284707886468195,0.25379763752421,0.303559766789139,0.312804948020464,0.389856818490714,0.471099361934356,0.324432366879086,0.314885992508045,0.387599326711824,0.261499419552939,0.276091029774212,0.333788736306999,0.348168057812143,0.471836008488536
501,0.251166246449279,0.480902243448392,0.316582585217579,0.254492706177898,0.261748593071965,0.365095592194574,0.5,0.434601671808823,0.405244256396606,0.344057384965041,0.280530979506942,0.267571395793587,0.255545200632565,0.25,0.285370511602445,0.254006716530282,0.304864893960204,0.312802670120447,0.387883097104504,0.470707279212862,0.322131843237719,0.313964408615082,0.387594612852928,0.261673046177284,0.276372473751044,0.334791134065525,0.349638138722048,0.472588637968842
502,0.251158106965757,0.481144402734744,0.316514035675417,0.254498733620423,0.261857155247055,0.366200418567795,0.5,0.434406561360679,0.405107592840405,0.343932378924173,0.280528285938655,0.267570143604576,0.255579608853123,0.25,0.286110456320123,0.254290246139322,0.306412540026271,0.312787150770377,0.385955904592588,0.470265712721678,0.319901009260174,0.313011601389595,0.387493171843899,0.261827606872193,0.276770695651844,0.335917987419235,0.351207811978139,0.473163023280021
503,0.251226064768355,0.481011319650992,0.316305796227359,0.254519230765952,0.261958745384331,0.367011075874465,0.5,0.43421544811002,0.404945935294719,0.343818813331951,0.280570696818419,0.267599398405222,0.255621309240586,0.25,0.286911093923267,0.254613901633465,0.307977596308558,0.312659574906974,0.383968264687473,0.469448647545975,0.317665358775828,0.312042527687406,0.387484228683068,0.261944818811486,0.277162115678367,0.336941660856114,0.352906327511139,0.473706317464665
504,0.251317005976051,0.480993713183057,0.316193384901037,0.254533334289889,0.262050638732225,0.368120526179851,0.5,0.43406990737802,0.40485508271273,0.343816963820885,0.280584523742363,0.267635993422608,0.255620632286177,0.25,0.287682811845603,0.25499023719168,0.30967127116119,0.312552431152364,0.382238386428234,0.469163896098826,0.315700383022295,0.311125588949491,0.387555779725317,0.262106946619177,0.277629447792076,0.338134449095614,0.354864276953764,0.474451041953118
505,0.251225735565134,0.480880282495709,0.315955369741134,0.254489919461003,0.262059766698672,0.369078378865293,0.5,0.434004264977823,0.404850708796002,0.34372542374717,0.280533664445105,0.267573633737057,0.255591659676658,0.25,0.288351247381051,0.255267763200166,0.311342854604925,0.312350925261106,0.380423718075795,0.468624810367663,0.313696992531139,0.309943932068408,0.387393981545589,0.262003527993386,0.277934037492632,0.339073963951585,0.356699204585053,0.474820040531583
506,0.251270374324138,0.480792384411831,0.315828638777452,0.254491765789275,0.262146104061407,0.369978999032627,0.5,0.434060624555166,0.404759244276055,0.343704213460463,0.280513506420583,0.26751503138118,0.255591104721895,0.25,0.289101250637112,0.255643852181666,0.313063692157584,0.312193123147916,0.378459812238682,0.467914784879549,0.311712155644215,0.308774786739924,0.387279999498109,0.262028199507403,0.278293201718937,0.340095879924457,0.358851943043488,0.475280048113901
507,0.251331330077664,0.480902397727906,0.315787825128115,0.254525872147609,0.262273246090291,0.371143485434443,0.5,0.433972056686352,0.404666110993084,0.343706029871599,0.280505627526018,0.267462713222461,0.255589110178729,0.25,0.289925531904032,0.256149172773218,0.31517873145986,0.312118081161389,0.37661825346923,0.467542128003318,0.309862026665797,0.30752286207926,0.387030596247342,0.262067899425942,0.278651360583692,0.341153723912261,0.361203422317661,0.475584068238459
508,0.25132769049832,0.480933598565018,0.315639892067082,0.254534254510694,0.262351577759644,0.372157179270088,0.5,0.434004430159276,0.404667946503946,0.343675251305045,0.280471989657278,0.267468659747755,0.255601845315175,0.25,0.2908215000437,0.256628265469443,0.317434164480376,0.311979022385226,0.374745401008288,0.467046634937587,0.307896980315986,0.306273049280864,0.387025091076432,0.262047529141947,0.278881438668514,0.342194660047896,0.363735100765664,0.47605404963342
509,0.251397655044662,0.481084378246117,0.315562346752495,0.254573383917765,0.262531492333743,0.373226240042914,0.5,0.43404194696008,0.40456965376324,0.343618139946872,0.280437680864468,0.267474695046868,0.255580963900472,0.25,0.291743975596635,0.257220089846169,0.319892265206508,0.311882421767251,0.372952700982881,0.466610209017247,0.306109616113273,0.305221676382534,0.387127767725553,0.262129730542834,0.279150024668338,0.34335107649508,0.366516166252389,0.476575641619336
510,0.251399391516775,0.481123350281018,0.315440561958232,0.254518334648353,0.262562860079888,0.374181092899962,0.5,0.434004776556403,0.404519190057391,0.343595476040467,0.280401169414955,0.267499919648119,0.255573317755501,0.25,0.292612010900955,0.257699435157783,0.322253904447226,0.311636103717905,0.371182780557689,0.4659813547084,0.304340974865954,0.303984949198321,0.387183861761754,0.262049151339356,0.279284415217983,0.344424164741714,0.369354519424521,0.477077642340325
511,0.251323707925705,0.481160097162041,0.315323986620393,0.254560836096655,0.262702179181684,0.375241613676305,0.5,0.434071599750223,0.404652120232647,0.343604750102691,0.280356824190821,0.267500989260714,0.255521126578747,0.25,0.293575968313045,0.258245391114704,0.324728170104262,0.311454543555192,0.36950752675244,0.465536078043819,0.302609151021284,0.302859707351689,0.387469830983227,0.26206749415508,0.279425760725284,0.345714739323176,0.372517731795034,0.477732956600088
512,0.25135733216001,0.481153850620161,0.315222891385442,0.254566982036745,0.262842911735797,0.376465571999215,0.5,0.434061010005004,0.404521022692952,0.343649032900207,0.280341384395257,0.267508417263251,0.255466131775958,0.25,0.294585637239406,0.258959275341781,0.327426221222119,0.311289700488509,0.367933510847401,0.465074426824478,0.301115428709302,0.301850558319679,0.387615349180822,0.262122144592608,0.279558196770848,0.347089666773092,0.375788602390622,0.478209827733656
513,0.251385279715433,0.481457562302867,0.315169744291058,0.254678674789962,0.262983482673349,0.377851406375837,0.5,0.434102153783103,0.40466429132526,0.343647966809377,0.280388032107847,0.267481950546708,0.25549518634149,0.25,0.295773680552907,0.25980613599253,0.330410489321127,0.311180568509631,0.366523031744148,0.464695445002561,0.299678394824832,0.300856798104999,0.388062170597682,0.262149328132857,0.279634017582906,0.348647558733635,0.379450264618987,0.479092067103662
514,0.251361646500239,0.482010228296829,0.315157705044074,0.254696897240586,0.263171332626799,0.379395157671903,0.5,0.434054649939029,0.404688287232186,0.343513314824942,0.280407702348528,0.267447700554674,0.255453859180989,0.25,0.296979314894546,0.26066678150877,0.333591202998351,0.311081229136995,0.365103218563398,0.464523612428924,0.298219162420607,0.299993703507476,0.388385421809908,0.26219853076415,0.279599613541593,0.35027022841948,0.383309366989964,0.479759433647188
515,0.251352508181304,0.482048639240983,0.315002012454044,0.254729509592266,0.263302709490798,0.380599734500875,0.5,0.434006595030453,0.404608867811132,0.343423645059841,0.280372783235716,0.267410012016795,0.255453552535254,0.25,0.298140922550342,0.261635401886165,0.336833622020739,0.310718538621547,0.363265864371164,0.463477710899385,0.296653772070701,0.299030624140364,0.388404972074535,0.262252786554288,0.279463739002436,0.351727301329628,0.38717782780246,0.479750400970423
516,0.25134535906852,0.482029801720698,0.314841008175632,0.254830144066537,0.263469740466379,0.381931303463695,0.5,0.433963226120178,0.404702863469897,0.343332349211315,0.280448412836007,0.26741825621554,0.255467015855341,0.25,0.299411803989385,0.262764845872349,0.340310804407184,0.310475575052349,0.361517829818016,0.462820756578197,0.295108266808355,0.298013582210035,0.388501977291333,0.262286442715988,0.279253760770811,0.353271993800142,0.391446570726511,0.479927613756565
517,0.251341160316607,0.481695476090069,0.314634829054397,0.254885372345069,0.263601538903383,0.383104933657072,0.5,0.433976746065289,0.404718976124379,0.34338057585034,0.280412879794221,0.267468396794622,0.255481514544002,0.25,0.300678176571624,0.263876550769377,0.343694586497165,0.3101706772439,0.359654477205865,0.461893832012165,0.293569086270208,0.29705910772157,0.388457641016308,0.262305491718057,0.278933990147337,0.354729089624922,0.395607174723323,0.47967965545109
518,0.251333284694104,0.481377910272108,0.314456260458341,0.254992122420108,0.263802797279793,0.384337169539888,0.5,0.433981122613064,0.404716641197085,0.343464426351101,0.280403363086229,0.267488407410922,0.255504874800943,0.25,0.30196053341417,0.265039683674797,0.347091532671332,0.309842941899699,0.358121208377649,0.461192521062973,0.292276712638072,0.29621739269905,0.388717346094164,0.262288442689196,0.278587318235859,0.35625725920926,0.399858874331493,0.47977253885027
519,0.251296629490357,0.481370879897521,0.314316863766599,0.254959563624373,0.26387366787078,0.385339115126977,0.5,0.434027954401627,0.404806159296391,0.343553610754987,0.280385603247072,0.267440960617104,0.255475462435207,0.25,0.303168304884226,0.266088314825891,0.350255931659747,0.309502511214765,0.35654634537394,0.460482618304846,0.291039603580015,0.295506854141995,0.388850817394892,0.262280677590722,0.27820267689547,0.357714135604657,0.403931796394925,0.479796087806001
520,0.251309330567546,0.481763262848796,0.314350178726896,0.254991712414818,0.264029676200765,0.386539255510072,0.5,0.434049111027757,0.404751772981244,0.343585185512443,0.280353665319561,0.267436347955021,0.255445520292037,0.25,0.304482798511159,0.267274807232345,0.353463005008996,0.309183364755364,0.355044777335683,0.459651175589852,0.289918366381847,0.294998546566409,0.389152410074078,0.262338987026943,0.277939835047107,0.359505423016322,0.408221425176138,0.480312186890054
521,0.251291170754374,0.481847425810835,0.314266678016131,0.254929631176409,0.264076057686679,0.387625292061805,0.5,0.433878709307188,0.404621761683729,0.343540181055038,0.280381877524683,0.267396925664735,0.255394481527205,0.25,0.305741094285079,0.268489193310782,0.356727523923475,0.308648476303788,0.353282979398324,0.45854174912734,0.288698850131926,0.2943776351677,0.389061372259311,0.262315548097107,0.277527278102232,0.361101790506051,0.412441514492362,0.480164658230528
522,0.251334754045672,0.481893089379784,0.314084401525858,0.254988224715537,0.264219681462311,0.388880517311681,0.5,0.433726205941047,0.404428038828848,0.343426782276406,0.280346471475906,0.267379066694694,0.255377103088144,0.25,0.307224487128602,0.269937919489132,0.360358184665546,0.308248361233081,0.351446545145113,0.45739521423655,0.287536634805329,0.293824382387799,0.389041450605285,0.262399683326892,0.277128755819319,0.362980544801814,0.417117468168881,0.480075054410847
523,0.251419240031347,0.481884255514178,0.313945454973229,0.255124989072463,0.264515455699397,0.390636655996433,0.5,0.433541635810146,0.404250178793664,0.343252442008765,0.280330986515166,0.267405614573374,0.255418006131805,0.25,0.309011951656525,0.271606221422643,0.364300821570869,0.308017261111936,0.349845152704663,0.456718644384746,0.286421819816322,0.293360802977519,0.389194529371115,0.262464050565191,0.276702422234071,0.365063261434925,0.42225025894,0.480377496957601
524,0.251404494008008,0.481569979804981,0.313675722880614,0.255091197210259,0.264653215020535,0.392102460873754,0.5,0.433598258245391,0.40428637782271,0.343179512987188,0.280288378121721,0.267327972996725,0.255422080739884,0.25,0.310763215142925,0.273042923818005,0.368163933781789,0.307613446030878,0.348222397021368,0.456015995045651,0.28522700078075,0.292850323290108,0.389452434108264,0.26238106958108,0.276201399203002,0.367259287849787,0.427573995735443,0.480688816406305
525,0.25140997723676,0.481199002131065,0.313473460262972,0.255170944427774,0.264874387261097,0.393563757030318,0.5,0.433844693184459,0.404389260649904,0.343205258841207,0.280183823680083,0.267268578892822,0.255424226047621,0.25,0.312600906693697,0.274457698086782,0.371755994522616,0.307232672319825,0.346623128317927,0.455020750499005,0.28408271855335,0.292467925772141,0.389719395995491,0.262361147266235,0.275840923316607,0.369431337040601,0.432517482571649,0.481043304035362
526,0.25139986400601,0.480958559231967,0.31341080603159,0.255194915333341,0.265025703253658,0.395161194164168,0.5,0.434134331656445,0.404730943422522,0.343363226996468,0.280187583946875,0.267281574980979,0.255475903937466,0.25,0.314588743174161,0.275861766058981,0.375339930670429,0.306810898417501,0.345196219985086,0.45421252188439,0.282929623665457,0.29220409848819,0.390119702488857,0.262261583332158,0.275542358340268,0.371912172804431,0.437636629702712,0.481712296552351
527,0.251343342312387,0.480901520661973,0.313554318284055,0.255294890061022,0.265288125125418,0.397187718277833,0.5,0.434795550993752,0.405364546965192,0.34390106839189,0.280281233993036,0.267282799535385,0.255451399732294,0.25,0.316963936931881,0.277348426570878,0.37931030351708,0.306619517608168,0.344175616673752,0.453829385790473,0.281959579432336,0.292243544599619,0.39094849549595,0.262186627517588,0.275431986898637,0.374874083637998,0.443012427129243,0.482344666415081
528,0.251373665219831,0.480951412801704,0.313705766116962,0.255440077763467,0.265602969104723,0.3990799119485,0.5,0.435393591197013,0.406036661596396,0.344400388663864,0.280407584872796,0.267369973502192,0.255478943588786,0.25,0.31916175121667,0.278653517743893,0.382546107602201,0.306500347073727,0.343390084227462,0.453545490093207,0.281235902472418,0.292422505324457,0.391723077703958,0.262228894936919,0.27543989747575,0.377522519396925,0.447468109884625,0.482869125518669
529,0.251362467838082,0.480914080928057,0.313599425275345,0.255491721754303,0.265794067304445,0.400255386298258,0.5,0.435496476071746,0.406211103943085,0.344547057628626,0.28045732859671,0.267419568491821,0.255494057831291,0.25,0.32070986917239,0.279613471665872,0.384792543623761,0.306210016962224,0.342369644343864,0.452877241575226,0.28057581932381,0.292436425343268,0.3918289632329,0.262218845506518,0.275425145608927,0.379426252004446,0.450581146269221,0.482982454927247
530,0.251340950566603,0.480768960454349,0.313404491072391,0.255506095582667,0.265928359828196,0.401089266488324,0.5,0.435335248298287,0.406020476490593,0.344455661057201,0.280452256935738,0.267426821277614,0.255474252341135,0.25,0.322034499570063,0.280357109664437,0.386574079736215,0.305756457160665,0.341056938330268,0.451767933809152,0.279882937454851,0.292368763397487,0.391560899616569,0.262165793864016,0.275410179562761,0.381089576907167,0.453192322983574,0.482758768651057
531,0.251376226578636,0.480611293724443,0.312971508260142,0.255485567039938,0.266072646623635,0.401774301784422,0.5,0.434735397788884,0.405445552221262,0.343994061558376,0.280387062698888,0.267408579837884,0.25548249075166,0.25,0.3234352577238,0.281099311029323,0.388145835204568,0.304973110865505,0.339163210302042,0.449880261655789,0.279010436676301,0.292102484296696,0.390775283426807,0.262019351081348,0.275381893827658,0.382862215066025,0.455733572307671,0.482495725653554
532,0.251349551657491,0.480697559394055,0.312575168305719,0.255476527857498,0.266261704624095,0.402616401853809,0.5,0.434195552218378,0.404777268776025,0.343511230970721,0.280237142222558,0.267316430465498,0.255450299908337,0.25,0.325213390322771,0.281842692339803,0.390041978527444,0.304047021044804,0.336939923710054,0.447875257065526,0.277948702071705,0.291806378046175,0.389900992283167,0.261782415981996,0.275391445653304,0.385074586607082,0.458712930159276,0.482324361586978
533,0.251335656441366,0.481071302125317,0.312490696959258,0.255513349468203,0.26647526642875,0.403892630895934,0.5,0.433988396652379,0.404573990877994,0.343328372838898,0.280215685724907,0.267294561105368,0.255434124104434,0.25,0.327283407724821,0.28257076567009,0.391985869224235,0.303342425510377,0.335219795736428,0.446335877217973,0.277035613600283,0.291695449949747,0.389709456572341,0.261605021075654,0.275572414204983,0.387680997078716,0.461940855593146,0.482454429816918
534,0.25130869618478,0.481613818950018,0.312465651954924,0.255601843083019,0.266727364444993,0.40530869347081,0.5,0.433927922876934,0.404466760742778,0.343229308340027,0.280233291820411,0.267312015346921,0.255442006655702,0.25,0.329330457367739,0.283227358347753,0.393776544137878,0.302757985514478,0.333911872975059,0.44530436751361,0.276361042367182,0.291698704336302,0.389706541528682,0.26152164313209,0.275919535457507,0.390247309407318,0.464669867021985,0.482919471189892
535,0.251272468472828,0.482080726226113,0.312433642113523,0.255675256709583,0.266982043290876,0.406413771751654,0.5,0.433854382123011,0.404440706951271,0.343224523819948,0.280208235540952,0.267308247943025,0.255459994369993,0.25,0.331213155230472,0.283664360436572,0.395041197799813,0.302164543408075,0.332492746619219,0.443977657570928,0.275692935702845,0.291539264906737,0.389470883306741,0.261420371256368,0.276324040670017,0.392663437494311,0.466860980166479,0.483046961201877
536,0.251288006536016,0.482598487303444,0.312339752557332,0.255726813049852,0.267260449491253,0.407869737069408,0.5,0.433675893524172,0.404253490773206,0.343020799712543,0.280228558798391,0.267316719418417,0.255441775554638,0.25,0.333268975985114,0.284093000444785,0.396497010773399,0.301522544465995,0.331098638751846,0.442666507943582,0.275058864391017,0.291445174100285,0.389097384615599,0.261339937582135,0.276907747042998,0.395235600942579,0.468868382266261,0.483230658933456
537,0.251345859486542,0.482710741972465,0.312155724541593,0.255742877481549,0.267562671395028,0.408860198999635,0.5,0.433490977671018,0.404011177199084,0.342850891241929,0.280177029023313,0.267282466097462,0.25544711521254,0.25,0.335164103408518,0.284302494061982,0.397475148815061,0.300796510443974,0.329499551209199,0.440932003043888,0.274411536418257,0.291251077211027,0.388557605661156,0.261261884276176,0.277565411596302,0.397775585944478,0.470454679549856,0.483181839995722
538,0.251380473634176,0.482739376405259,0.311956315971007,0.255784176804583,0.267861155525442,0.409784261984081,0.5,0.433327609657432,0.403976266059013,0.342797722556986,0.280127988649884,0.267236377389947,0.255399493800791,0.25,0.337166452403043,0.284389982029301,0.398220820293835,0.300065650757804,0.327935230397211,0.439010580571329,0.273747251366988,0.290936939643227,0.387968697700188,0.26109081035452,0.278285693940005,0.400261115454965,0.471857149043959,0.482920950958155
539,0.251408691891035,0.482545393636408,0.311753999785156,0.255888456192027,0.268197440581692,0.410881886313144,0.5,0.433152025811607,0.4038073690567,0.342601442592116,0.280034568918008,0.267203981192172,0.25536514489185,0.25,0.339569326425559,0.28440583057069,0.399094663112009,0.299156259352086,0.326211751212548,0.43703777485215,0.27298567465292,0.290628287615832,0.387662723712975,0.260986044222506,0.279279478708682,0.403262545179805,0.473511622795232,0.482957017660439
540,0.251412598775776,0.482355506384452,0.311636349536315,0.256011736798289,0.268660028600265,0.412141121641699,0.5,0.433328184166842,0.404010348518091,0.342736210648175,0.279996620820256,0.267203250026553,0.255409598215724,0.25,0.342367567971124,0.284431109625129,0.400125650323478,0.298395006239904,0.324728250650568,0.43551389986586,0.272235430057877,0.290237495391986,0.387629341299188,0.260911901983871,0.280491554868107,0.406552386154487,0.475272850003484,0.483200304974787
541,0.251403694013262,0.482197040813593,0.311531640495965,0.256116652111758,0.269076781728612,0.413370616949476,0.5,0.433472799654737,0.404175443020764,0.34287270296346,0.279997005130007,0.267219198212018,0.25538937143858,0.25,0.344941808323859,0.284430359966065,0.401083246838603,0.297729182594514,0.323628958698446,0.434491408732395,0.271624750595816,0.289953699601761,0.387766451254548,0.260803220521309,0.281703173447705,0.409469722583652,0.476777611150402,0.483533337622218
542,0.251407933786505,0.48209683376758,0.311392373800417,0.25616773193609,0.269450223934842,0.414420414467355,0.5,0.433596780590093,0.404213998936739,0.342888845908557,0.279999830245656,0.267226776384939,0.255394191526726,0.25,0.347006689240807,0.28438953436338,0.401827127129241,0.297124625069642,0.322584481476224,0.433468929762875,0.271150017035925,0.289683792288231,0.387714867680973,0.260805419563589,0.282886839898595,0.411836045237187,0.477861606762536,0.48378996066448
543,0.251421164784248,0.482395152948671,0.311302359092734,0.256222828779567,0.269834490285466,0.415286563589653,0.5,0.433519723278723,0.404140056079282,0.342878124577341,0.280063743643476,0.267254653051838,0.255406067431746,0.25,0.348813141814735,0.284348596747358,0.4022357283463,0.296543482114717,0.321602724800458,0.432225296715783,0.270781434244596,0.289426166663179,0.387532989777817,0.260819073136858,0.284331044968449,0.414192992678271,0.478650127711492,0.483896417113167
544,0.251412180794778,0.482652964844512,0.311146398511519,0.256301830929546,0.270212158876172,0.415908864465984,0.5,0.433209385966126,0.40369884407636,0.342670567692009,0.280056273366646,0.267232466339125,0.255394544584226,0.25,0.350522875771905,0.284174743211372,0.40206425722746,0.295658317996059,0.320229588079816,0.430055411142423,0.270404514736967,0.288950947179661,0.386896602903037,0.260744751838548,0.285985469401267,0.416425437604669,0.479034441053691,0.483628039141535
545,0.251378088599875,0.483190824021044,0.310997211502483,0.256383175908949,0.270675098274619,0.416940008643013,0.5,0.432969400551742,0.403426821301246,0.34239796621841,0.280058808103063,0.267183771547684,0.255374697849794,0.25,0.352534759282139,0.283986268629856,0.402108016997728,0.294795534115792,0.318760861418639,0.427969658824026,0.269958725665092,0.288312946964797,0.386229690677514,0.260655637566742,0.288096046592952,0.419129377795744,0.479510450127743,0.483511069157103
546,0.251365990104715,0.483879084701768,0.310950119172722,0.256527025918285,0.271198849961748,0.418095187894375,0.5,0.432659009415998,0.403217678435732,0.342171002774177,0.280033281722722,0.267161758822322,0.255372776608818,0.25,0.354748450045048,0.283817406702811,0.402252446960625,0.29397901982612,0.317427801091654,0.426036037762064,0.269544853500813,0.287681058817334,0.385931847454685,0.260608514578225,0.290560041846016,0.422137532500503,0.480169980884934,0.483693783761445
547,0.251374316518051,0.484445226834086,0.310950684955279,0.256651849866263,0.271771309915346,0.419272539198679,0.5,0.432420611934573,0.403103440145328,0.342037232656808,0.28011260363825,0.267253337429265,0.255405734921328,0.25,0.356907759006277,0.283629344329777,0.402301941761615,0.293206205693802,0.316229916063786,0.424269400185489,0.269130543344024,0.287076969462016,0.385485848503956,0.26061013656507,0.293130087325921,0.424764467913589,0.4805074483997,0.483669492750081
548,0.251351972619498,0.484831277246004,0.31094166334247,0.256755094447025,0.272301495679085,0.420341901172324,0.5,0.432341931189764,0.40311874271183,0.342013623798936,0.280164542871722,0.267339274620534,0.255429294554802,0.25,0.358923717172012,0.283479197394638,0.402379829502445,0.292513629541409,0.315022599758215,0.422604344372139,0.268752838400863,0.286512703233415,0.385209942665565,0.260652158569962,0.295828857153865,0.427368989325747,0.480810510002849,0.48365412599572
549,0.251421484347875,0.485171366814794,0.310966439964894,0.256912801680643,0.272900508823331,0.421171533800215,0.5,0.432136309523483,0.402866052885316,0.341968977814904,0.280190305015758,0.267426768588735,0.255488794846409,0.25,0.360695090429496,0.283355827986177,0.402171622451528,0.291709948165419,0.313698916041433,0.420521274919507,0.268444769051222,0.285942471913516,0.384899401656062,0.260681166669034,0.298996075900386,0.429891834109952,0.480964418024281,0.483672981127477
550,0.251382342822275,0.485405889621121,0.310930472248814,0.256999180401695,0.273497623598621,0.421874900206049,0.5,0.431952149654365,0.4026324801289,0.341937681119697,0.280282410740917,0.267454153756151,0.255509173400122,0.25,0.362619470719846,0.283190544906722,0.40174681767651,0.2907890673269,0.312287373600861,0.418166314365445,0.268049777961997,0.285289461115697,0.384612767894941,0.260645309636777,0.302554501970946,0.432453558968987,0.481088950790962,0.483469716502921
551,0.251443812489158,0.485381450676969,0.310902795444556,0.257149388604272,0.274235242661069,0.422638862068534,0.5,0.431699783635003,0.402389413634637,0.34186510163324,0.280227756009927,0.267314291136821,0.255465003568368,0.25,0.364655867403233,0.283023646092438,0.401569954216842,0.289925194099043,0.310941714266243,0.415938251084848,0.267767747756225,0.284609855761502,0.384311643494008,0.260625396172258,0.306415339790046,0.434944607873838,0.48110239990206,0.483200626555389
552,0.251505201605556,0.485616628595097,0.310771328820016,0.257220558925016,0.27490050650487,0.423594061322478,0.5,0.431380726021577,0.402189477414279,0.341763914477209,0.280210164264164,0.267268942539793,0.255431852877052,0.25,0.366920462504146,0.282800184255238,0.401390710483379,0.288993316765536,0.309646197233952,0.413954101165888,0.267357044293362,0.284049304975,0.384333949883807,0.260601246365056,0.310521992397482,0.437756630294683,0.481484890951903,0.483528154166344
553,0.251505746968217,0.485680786673227,0.310650843504804,0.257298774787677,0.275668844375905,0.424451980032795,0.5,0.431197198230102,0.402111559121249,0.341725450063377,0.280195220123198,0.267272733287983,0.255408384125443,0.25,0.369044340693304,0.282641465242794,0.401323665465491,0.288160696142777,0.308592628652537,0.41223796556595,0.266956713794582,0.283547774075153,0.384295378492856,0.260639721865105,0.314613360824907,0.44027634345205,0.481928276843335,0.483607824031224
554,0.251518710736751,0.485978391027197,0.310566734289677,0.257406488225061,0.276483926015011,0.425563511234132,0.5,0.43119190553466,0.402080934585396,0.341701157343304,0.280135657243593,0.26733670085187,0.25539860186378,0.25,0.371062677278601,0.282475769628715,0.401301862738509,0.287289338226604,0.30752256675729,0.410576423590369,0.26657977627389,0.283109455579637,0.384459025920415,0.26066626119939,0.318961675629072,0.442967391550462,0.482530668074888,0.484005440615494
555,0.251420527098808,0.486151041521195,0.310458378166811,0.257520216136862,0.277308745073415,0.426503478908461,0.5,0.431262920276363,0.402098077697009,0.341680457251668,0.280152097244184,0.267381485925631,0.255397776468841,0.25,0.373019426729932,0.282362913468362,0.400958475511967,0.286437307674619,0.306404794244611,0.408781117748238,0.266180414723097,0.282535951836214,0.384579527376507,0.260620610612685,0.323628456611042,0.445374850914405,0.482912860142628,0.484173449415701
556,0.251328073703275,0.485988941907157,0.310295198180415,0.257607534878458,0.278119275047435,0.427268601638568,0.5,0.431286942363044,0.402120786993388,0.341711873462861,0.280135460454033,0.267368137057842,0.255438533591948,0.25,0.374669371603973,0.282225325186338,0.400629725108336,0.285525775306465,0.305274811860825,0.406712711925562,0.265850910505236,0.282002679456647,0.384556170038607,0.260696114500665,0.328615263581433,0.447392239219121,0.482892833751289,0.483743251163931
557,0.251366003303253,0.48616805954298,0.310330192480059,0.257857815082486,0.27915329563792,0.42825914974222,0.5,0.4314187173607,0.402074844168928,0.341768420099624,0.280130162769737,0.26739160943462,0.25549006284724,0.25,0.376562724487448,0.282309946203093,0.400245184595083,0.284760817829674,0.304235360496584,0.404927510806175,0.265667805451193,0.281627680930873,0.384986913381915,0.260865944690231,0.334022698202277,0.449580035536757,0.482943722208436,0.483675803056343
558,0.251474395233915,0.486295949580366,0.310379254205182,0.258148740356382,0.280193528644164,0.429289700215367,0.5,0.431357139513201,0.402041061926187,0.341790745579662,0.280161424505839,0.267357112896687,0.255466150916604,0.25,0.378340020484144,0.282361464260528,0.399963851013434,0.284097457357858,0.303254268238064,0.403064341524074,0.265515088824931,0.281268225762871,0.385271420755901,0.261028611626191,0.339460235656402,0.451614461299344,0.483001299111649,0.483599410077032
559,0.251524436801882,0.486415480478006,0.310346167526116,0.25842695716578,0.281317951722577,0.430023860913728,0.5,0.431269832682775,0.401904441204728,0.341740865409285,0.280087571718771,0.267362428948543,0.255436646007581,0.25,0.379909772390063,0.282477668601019,0.399674301970666,0.283296121387085,0.302235080625031,0.401123260726373,0.265327069605891,0.280996459729465,0.385695298387126,0.261241236307828,0.345125502723987,0.453796165824724,0.48329518505444,0.483811368484678
560,0.251629040628116,0.486846844660798,0.310429535235733,0.258737868662268,0.282575393989399,0.431092225427914,0.5,0.431327589849055,0.401861945944553,0.341783946493631,0.28007751729195,0.267385636597022,0.255410391902813,0.25,0.381822403786202,0.282651747108477,0.39934932806505,0.282555223579647,0.301276680500867,0.399591711442474,0.265147168527031,0.280759785528908,0.386536424960677,0.261421299145494,0.351072284356144,0.456389108944252,0.484049676502672,0.484582043434399
561,0.251567785503184,0.487108288475946,0.310341058820641,0.258856144493195,0.283667424232258,0.43186063753995,0.5,0.431242052136016,0.40187865300063,0.341688805993145,0.280117056502009,0.267373289244825,0.255338139767445,0.25,0.38339406479425,0.282673140175264,0.398909111984487,0.281672180042878,0.300293020396525,0.397680663782348,0.264865556871726,0.280396862373273,0.387040398823888,0.261478051965301,0.356764297733607,0.458569728314941,0.484486766039031,0.485003997210387
562,0.25150645683228,0.486944554122682,0.310211218513448,0.259182003052694,0.284896519991425,0.432273342305905,0.5,0.431262239456906,0.401790165314317,0.341572876060037,0.280071583463636,0.26736626986342,0.255392325351678,0.25,0.384738750188326,0.282804101109763,0.397963599448442,0.280872932704475,0.299391463720438,0.395754255222243,0.264688763715987,0.280059673561028,0.387525198436279,0.261690374762246,0.362525963294291,0.460059324117405,0.484427974856188,0.485019783198555
563,0.251513526386117,0.48700592718812,0.310038862026635,0.259398882264489,0.286116706288506,0.433067309220468,0.5,0.431239355224164,0.401793518381402,0.341623394761697,0.280144949768834,0.267375728428913,0.255402404384856,0.25,0.38629632814457,0.282904830142322,0.397241040449931,0.280072126223132,0.298489793996039,0.394227119653063,0.264489997029315,0.279848065447319,0.388328670167935,0.261976136755316,0.368459619862846,0.462026053091216,0.484831672411431,0.485332241072701
564,0.251522828243774,0.487125344825409,0.309939917480857,0.25968457499667,0.287507680209539,0.433792245531096,0.5,0.431285788006219,0.401816077636249,0.341497199895732,0.280125683643705,0.26725525213291,0.255325096507083,0.25,0.387833203290552,0.283026499996698,0.396549816970297,0.279328196007576,0.297647400174991,0.392633864421663,0.264340483665041,0.279498981622586,0.388913638944205,0.262210998248198,0.374223629893604,0.463353520668705,0.484726922772094,0.485171786117552
565,0.251483083893488,0.48684738224157,0.309673666325019,0.260000116589325,0.288860483824908,0.434410456656144,0.5,0.431113323581517,0.40164213788312,0.341419066470581,0.280052453348849,0.267250373101667,0.255372270076263,0.25,0.389324299368432,0.283131796787904,0.395723969442302,0.278469246699932,0.296786558249423,0.39111013997299,0.264118628452006,0.279114773683773,0.389497003217135,0.26245272016653,0.379878659101589,0.464432163904053,0.484558275670417,0.484844313476335
566,0.251587978301167,0.486895877860395,0.309603903783264,0.260249200797399,0.290208146094713,0.435325506796344,0.5,0.431201461331413,0.40165370152147,0.341509389090229,0.280088146970421,0.267262399708005,0.255335009810479,0.25,0.390772259495222,0.283305756294856,0.395180337684702,0.27774144340925,0.295994641443474,0.389821477663322,0.263932226219406,0.278904643289467,0.390426300996765,0.262749277028653,0.385329571346817,0.465978775979664,0.484952893377783,0.485110157742797
567,0.251595483123955,0.48670418465827,0.309488095272892,0.260506908662305,0.291541083553133,0.436200549428108,0.5,0.431149348391947,0.401554067472661,0.341495187967952,0.280107664440313,0.267279364533434,0.255346067819442,0.25,0.392114080927978,0.283429582769816,0.394411881504057,0.276998554148364,0.295314801750774,0.388560747711644,0.263764866143894,0.278618947757544,0.391280634571731,0.262940702966852,0.390657547336514,0.467218640931196,0.485098198825385,0.485050723808404
568,0.251556503416736,0.48665940245617,0.309336396110615,0.26077164113002,0.292883060525757,0.43680354001518,0.5,0.431145464626393,0.401414084399464,0.341389158501238,0.28007445236651,0.267323929999059,0.25537182712766,0.25,0.392998238477265,0.283546126540389,0.393357389023206,0.276220337165396,0.294588181517382,0.387146893752254,0.263539133544222,0.278481602677109,0.392327393455982,0.263252684491772,0.395872759166866,0.468439085817672,0.485334875865762,0.485012137549361
569,0.251491678250586,0.486640165549492,0.309169448549251,0.260982836720878,0.294326393816314,0.437768742310216,0.5,0.431208575398858,0.401427125227478,0.341412503071608,0.280056529511681,0.267267534875924,0.255330144821473,0.25,0.393953072496973,0.28370420349938,0.392398336426607,0.275466901289057,0.293850222620512,0.385832575306688,0.263313375041033,0.278286598989138,0.393407467145259,0.263641517235883,0.401339931337312,0.46975263161318,0.485319814585581,0.485118443864351
570,0.251431657143148,0.486688674443097,0.3089393680827,0.261232874367292,0.295936355559266,0.438819948485934,0.5,0.431097575668564,0.401461947276575,0.341346937887843,0.280084076350219,0.267271376315329,0.255374563327765,0.25,0.395028527422131,0.283939547278269,0.391401748776288,0.274704818331556,0.293178930751803,0.38465806843449,0.263112198471925,0.278246657470862,0.394852889744011,0.264135306757255,0.407122307246938,0.471202654171086,0.485494444688875,0.485299473804932
571,0.25144635147414,0.486668500310229,0.308824066024164,0.261497901194475,0.297592057652874,0.439651987409573,0.5,0.431127120222951,0.401432857440624,0.341294835007388,0.280082940986092,0.267231661311142,0.255358008357191,0.25,0.395998576914575,0.284151806877754,0.390337730178971,0.274008091501305,0.292552805820684,0.38339078103047,0.262913779728338,0.278227251840607,0.39646137952289,0.264580747693078,0.412518303775634,0.472366648461179,0.485811137091643,0.485778007540435
572,0.251514302197457,0.486719131345483,0.308703041613555,0.261748317454748,0.299171077463202,0.440507632433559,0.5,0.43093144962301,0.401392933886898,0.341320967277083,0.280085091785371,0.26722696962371,0.255354434459255,0.25,0.397007300819784,0.284423009545124,0.389335166800546,0.27332718609759,0.291990547337124,0.382251847416964,0.262824484436037,0.278296434409493,0.398158211432864,0.265186817145106,0.417738616293712,0.473644045098824,0.486201480469196,0.486056661487321
573,0.251565264934829,0.486902195474499,0.308659729761425,0.261943254298599,0.300817911344332,0.441610497439552,0.5,0.430893351247039,0.401311422089836,0.341183338088333,0.280086710576682,0.267255954918653,0.255376887355654,0.25,0.398254131163043,0.28471385544685,0.38852030637866,0.272662845608224,0.291561799651551,0.381379816789873,0.262730945092386,0.278284064885132,0.399905387119042,0.265738175354651,0.422511652516237,0.474675368267053,0.486641143174301,0.486161560564175
574,0.251660682331394,0.48700225279612,0.308698079563703,0.262202711196999,0.302457152881096,0.442583433569679,0.5,0.430819165758395,0.401198398750664,0.341211045738232,0.279983830743504,0.267258599389963,0.25534623694975,0.25,0.399024233970267,0.28495918702626,0.387364267644599,0.271949752570674,0.291082437760142,0.380255810393323,0.262630727157318,0.278319397440705,0.401324182727658,0.266381348000925,0.426957749975796,0.475317232494128,0.48647281904737,0.485962784593162
575,0.251663309135251,0.487290195000409,0.308653510707294,0.262365851088927,0.303987729175843,0.443361140364875,0.5,0.430674648090134,0.401093526635328,0.34114875551748,0.279946334725518,0.267313760376536,0.255370349639541,0.25,0.3994695704928,0.285171585061443,0.385996028423297,0.271179913658878,0.290588436176278,0.379099665386058,0.262533004519315,0.27839640736712,0.403066641415609,0.267168843114666,0.431494966035292,0.476026308239352,0.486355599141039,0.485852707320094
576,0.251587668528633,0.487395612854777,0.308598442196008,0.262558711508158,0.305586403550524,0.444139097003247,0.5,0.430434192702033,0.400885870669773,0.341137845240514,0.279961385884531,0.267281889883566,0.255386810836828,0.25,0.399769363176861,0.285385210629662,0.38450465993439,0.270439422569631,0.290179698133841,0.378018011927329,0.262353560929789,0.278404865842326,0.404959674224551,0.267924258607931,0.436053291570727,0.476799449458107,0.48621457814847,0.485968985455628
577,0.251615522773258,0.487892917460298,0.308691867721998,0.262836327639109,0.307196141778238,0.444650912425183,0.5,0.430240715704713,0.400878902294626,0.341167227119754,0.28000221238888,0.267327034489376,0.255433960162299,0.25,0.399761843503086,0.285679177521615,0.382869165649592,0.269870710246765,0.289782078659715,0.376860438918385,0.262354332450175,0.278636984884811,0.407239911687834,0.268875971235925,0.440825362347281,0.477818738311195,0.48652015702592,0.486412899298164
578,0.251529626111456,0.488387424287068,0.308766056175296,0.263034292613457,0.308739210576173,0.445109534431528,0.5,0.430082920033217,0.400797217528761,0.341164809885387,0.280066089784464,0.267334698085886,0.255478815397175,0.25,0.399645835341233,0.285835528740154,0.381195645639328,0.269208016083767,0.289321258543374,0.375668928158021,0.262310963268126,0.278767750591824,0.409687025398967,0.26986802852242,0.445462494598394,0.478846979157119,0.486783488174971,0.486651883103034
579,0.251455879691866,0.488750280176168,0.308746238222689,0.263287885383455,0.310384283773651,0.445819021834235,0.5,0.429978290007523,0.400723183322426,0.341235043782107,0.280077559169599,0.267317916947519,0.255464171426103,0.25,0.399637998775473,0.286088479823895,0.379498427218972,0.268615900596272,0.288932619089256,0.374673352524515,0.262260009365963,0.278909498104625,0.411905800002337,0.270961654263756,0.449677046145578,0.479614254832156,0.486629813803741,0.486627936271928
580,0.251483137267924,0.489265489296169,0.3088117785676,0.263434903236847,0.312065035689732,0.446734483062118,0.5,0.430004231126012,0.400609139100965,0.341252964029082,0.280049217539252,0.267356724419059,0.255448744792745,0.25,0.399682669315434,0.286326868175387,0.377939874320662,0.267974260968835,0.288513946095107,0.373598861275202,0.26222587949308,0.279128179875914,0.414291473822712,0.272236580234557,0.453541461942134,0.48007321351891,0.486181227391359,0.486332793647614
581,0.251335960443985,0.489768835696402,0.308691936911072,0.263550277826687,0.31381017249386,0.447918583610824,0.5,0.429847965688231,0.400464623902861,0.341114386379187,0.280011890706815,0.267268159135409,0.255329007224628,0.25,0.399896383446837,0.2864401913965,0.376436126921467,0.26722677425048,0.288004430165897,0.37277426819823,0.262043526847857,0.279308964020843,0.416956760991875,0.273721558729787,0.457290711278832,0.480847296244115,0.485859218128432,0.486158004332447
582,0.251435499226478,0.489432137104644,0.308539090797109,0.263747120120808,0.315522287644322,0.448835054355543,0.5,0.429771776014401,0.400330112750015,0.341074240356174,0.279990347219313,0.267289049205709,0.25532480919361,0.25,0.400067135680631,0.28663278013767,0.374720922697562,0.2665117790642,0.287725896969998,0.371825280628344,0.261900627619738,0.279692821901351,0.419883645551236,0.275739567637095,0.460698674774784,0.481027625424647,0.485570171685411,0.485688711311527
583,0.251546107052119,0.489824644620112,0.308639469386986,0.263874935315689,0.317281673408611,0.449696900793005,0.5,0.429735716681274,0.400358636241568,0.341002413805227,0.280107486224692,0.2673760070105,0.255443940594782,0.25,0.400317176583806,0.286799920222371,0.373173092467571,0.265885511511174,0.287465083322374,0.37104666223476,0.261865179515384,0.280146022474645,0.423264254355696,0.278234873958976,0.464312130188432,0.481661748709052,0.485868094675405,0.485710973011869
584,0.251555954911086,0.489776722215635,0.308706804954324,0.26398425663453,0.318818922360698,0.450048983206925,0.5,0.429561489323834,0.400289932963097,0.340790552895426,0.280151489090178,0.267406236598192,0.255416097539511,0.25,0.400243036754409,0.286795982644442,0.371257654939897,0.265192872022124,0.287179215549533,0.370163695017997,0.261782466972223,0.280656145536529,0.42711739049835,0.281433040292572,0.467745688262103,0.482392352547871,0.486395362737421,0.485836805706804
585,0.251659178138991,0.489748763764179,0.308871415893353,0.264077146115212,0.32033003491317,0.450465283718418,0.5,0.429383289759667,0.400225502429522,0.340762035754829,0.280111574652057,0.267429803378103,0.25545257123678,0.25,0.400171922206695,0.286812619957682,0.369235291592243,0.26450763799058,0.286855624394222,0.369216032397143,0.261782678322467,0.281150183281445,0.430819932733593,0.285162022572975,0.470676740838274,0.482510193245228,0.486403029372485,0.485841352990318
586,0.251561292375825,0.490311078080929,0.308989273998884,0.264191850697159,0.321999925349339,0.451489605988735,0.5,0.429282311887905,0.400051954529233,0.340634092982099,0.280112971420774,0.267393655399698,0.255461835243542,0.25,0.400499738768364,0.286799255850531,0.367667411878846,0.263942174548395,0.286557690757526,0.368568708310773,0.261823466760197,0.281516476499552,0.43521197609638,0.289653357609979,0.473904568267012,0.483410158763891,0.48703583610396,0.486360435812631
587,0.251455583548851,0.48978246920222,0.308834431261453,0.264291324386361,0.323465130364171,0.45210169065612,0.5,0.429122164778277,0.399967497933337,0.340516918045866,0.280031721187097,0.267299695102286,0.255374381394332,0.25,0.400475405688009,0.286612100532475,0.365662500820885,0.263287683636711,0.286227230217896,0.367616244707132,0.261790890221448,0.281846690124251,0.439091649990521,0.294723429069604,0.475812434617314,0.483155317264449,0.486401711545744,0.485713600598859
588,0.251416184534956,0.489586816202719,0.308585816235783,0.264463621169779,0.325117689275804,0.452841157187201,0.5,0.42899249957068,0.399933085281165,0.34056141759963,0.280028090400367,0.267251470691141,0.255395136963775,0.25,0.400731408516885,0.286556037529059,0.363997532403116,0.262770088132575,0.286021022138642,0.367001870316937,0.261771517509995,0.282376274605285,0.443406312490226,0.300631174556196,0.478075022245186,0.483392139776423,0.486365566377108,0.485765386917988
589,0.251385991199525,0.489836210126982,0.308501504965682,0.264668345163044,0.326801305725051,0.453715900183527,0.5,0.42908581438007,0.39991491498297,0.340490804378166,0.280102922475231,0.267301150999855,0.255367111226945,0.25,0.401019420339741,0.286554853935354,0.362529221199316,0.26236107401601,0.286007919118573,0.366702843279501,0.261857828329686,0.283064272184883,0.447992819931178,0.30701396917337,0.480529460204843,0.484004121249576,0.486552708731089,0.485928970416362
590,0.251392767592281,0.489833474218133,0.308359257181668,0.26483540865361,0.328304467187635,0.454251494566897,0.5,0.428890139231924,0.400029038129742,0.340381130318084,0.280098622264561,0.26728250897179,0.255322396015966,0.25,0.401141942255377,0.286490730063557,0.36094083645426,0.261804165302768,0.285776374194252,0.366218650341208,0.261824143621954,0.283718402735047,0.452234886412338,0.313653878247568,0.483024636815209,0.484557491045436,0.486710291275883,0.486250293267653
591,0.251368485133263,0.490047180319448,0.308182315344548,0.26494233701842,0.329787184436002,0.454925244862583,0.5,0.428737120433501,0.399847793066122,0.340306318615133,0.280064426214329,0.267379880715744,0.25531577942584,0.25,0.4012516603663,0.286296378806563,0.359247284073306,0.261341759304511,0.285715067632696,0.365642026153773,0.26196071008861,0.284289713990663,0.456155571690776,0.320432323975016,0.4853269939948,0.484769711146515,0.487025512623985,0.486463096639855
592,0.251452277373481,0.490441027467532,0.308302919402717,0.264999870890721,0.331079733180604,0.455388720724069,0.5,0.428733304118772,0.399790093146236,0.340198603679619,0.280083930724676,0.2673980660062,0.255329617873525,0.25,0.40100174783446,0.285909029319968,0.357228178400449,0.260694352530147,0.285503123093417,0.364870466864757,0.261894542641479,0.285010131675278,0.459757877317988,0.327413230418283,0.487472931042241,0.485265627657354,0.487229587270131,0.486604912869266
593,0.251478728581538,0.489955992436242,0.308144363218951,0.26495910838863,0.332236091721523,0.455347298968905,0.5,0.428547076409596,0.399753290723898,0.340144713932721,0.279990966590626,0.267322366428716,0.255301996584492,0.25,0.400523544168224,0.285399301802169,0.354982465386372,0.260059619691321,0.285195645259184,0.363962125313692,0.261783135750347,0.285669660564351,0.462792380954164,0.33444371466282,0.488809591493286,0.485076915982784,0.487055498474522,0.486393747133446
594,0.251463582258501,0.489576963248086,0.30793465298069,0.264853510191101,0.333461541073349,0.455804595743087,0.5,0.428444933653775,0.39952550901488,0.340047771400827,0.279896485473153,0.267255791931288,0.255259571319637,0.25,0.400327621911149,0.28476404402471,0.352945507799084,0.259392742035966,0.284842480292976,0.363343237125159,0.261527869599389,0.286411345929408,0.465786234394883,0.341351460427891,0.490064820373623,0.485371890940431,0.487075132019551,0.486367186148447
595,0.25142594077079,0.488974030329532,0.307659195372587,0.264859359086436,0.334711505174999,0.456012543173348,0.5,0.428424339907502,0.399550149794788,0.340088261541116,0.279884122421299,0.267159446550156,0.255250207243326,0.25,0.400214065193639,0.284147160461313,0.350980356301024,0.258852477344922,0.284372028916384,0.362749867277993,0.261303990154635,0.287275435789034,0.468429173485441,0.348243656371583,0.491149323026649,0.485375898284831,0.486983202596038,0.486189747232276
596,0.251486238858487,0.488375476390674,0.307547007013952,0.265047797358378,0.336153177999774,0.456432830565676,0.5,0.428319761281208,0.399517612535218,0.340164869350903,0.279845407232104,0.267164886595106,0.255295482572594,0.25,0.400372493633155,0.283770305110542,0.349580544378347,0.25860711257459,0.284273702658926,0.362422031358998,0.261450326903984,0.288320193243047,0.470755512326161,0.354626463743185,0.49214847283255,0.485191757440657,0.486925035332231,0.486183436489334
597,0.251500887747759,0.488265085399454,0.307643249543457,0.265101239373465,0.337244134494787,0.456838404387668,0.5,0.428335851466603,0.399583962514273,0.340307417050023,0.279943703683915,0.267269252144327,0.255407090518077,0.25,0.400239997678436,0.283361158651279,0.348030415117531,0.258278009974717,0.284013571394153,0.361975490594181,0.26149915443722,0.289354470734448,0.4726745372276,0.360452003382545,0.493398120291781,0.485373062314039,0.487009002666128,0.486199622786458
598,0.251523513462553,0.48875663433427,0.307825631724197,0.265132008500421,0.338340842014598,0.457226254398632,0.5,0.428449300097796,0.399554112502297,0.340338705846503,0.28005295930992,0.26729218780729,0.255459596134094,0.25,0.399995261547939,0.283036529179077,0.346738154395287,0.257945706845471,0.283849317623473,0.36151432071066,0.261537963446759,0.290539969602071,0.47458941910066,0.366054180562228,0.49493321295358,0.485942839664655,0.487329210362716,0.486426520570098
599,0.251699845563196,0.489353989215349,0.308248661191117,0.265238472179365,0.339555793966895,0.457828736782965,0.5,0.428406286659823,0.39951823550155,0.340280473997241,0.280056791874894,0.267336178944391,0.255438081555301,0.25,0.399741478934035,0.282827815578058,0.34538822235212,0.257754732083481,0.283873070667432,0.361309601989623,0.261743767697545,0.29181887044025,0.476387459763903,0.371898284279052,0.497069050791447,0.486599584440741,0.487658369058193,0.48677676779795
600,0.251725442796634,0.490050084458799,0.308420316406573,0.265306597882703,0.340731045681315,0.45852973002792,0.5,0.428352502234087,0.399320102270506,0.340160513823313,0.280047358147182,0.267366534573752,0.25546736917931,0.25,0.399554030120602,0.282389386976109,0.343764880178478,0.25736345660716,0.283720932984427,0.360789356348233,0.261778016447407,0.293162628633825,0.477609706595429,0.377576131930327,0.498846370726736,0.486976822869512,0.487569262786263,0.486648342681949
601,0.251664613405698,0.490215876086465,0.308367344763862,0.265356161699071,0.341769965931916,0.458802470914371,0.5,0.428200464787815,0.399110133276363,0.339983999876356,0.280008244435589,0.267328282942269,0.255329424460858,0.25,0.399326013165995,0.281832697386043,0.342115480529645,0.25693107381687,0.283621202634934,0.360324008994041,0.261773693277592,0.294673813499455,0.47919006166501,0.383431580964199,0.500294344439312,0.487345298290984,0.48769265906912,0.486826991515429
602,0.251536174086421,0.49030159880761,0.30822780233187,0.26542297487337,0.34281620990034,0.459188285153988,0.5,0.428162438262111,0.399049780252681,0.339979532050546,0.280002684741091,0.267362353975864,0.255369843361031,0.25,0.399181560124732,0.281201524951078,0.340587262360298,0.25662347643916,0.283415320372956,0.359882572043833,0.261806571260801,0.296343148159135,0.480805659820861,0.389257850196891,0.501584072660696,0.487743581890921,0.488134566176517,0.487391988211685
603,0.251369929171172,0.490051376312216,0.307864327416123,0.265219683747692,0.343730941857246,0.459147480969355,0.5,0.428018661307906,0.398796686455153,0.339713500244956,0.279921745962683,0.267265476198966,0.255292279869242,0.25,0.399163329474688,0.280475650377968,0.339071644541126,0.256141877932674,0.283037124479819,0.359270969244854,0.261607405744345,0.297842071829035,0.482060300064267,0.394477512654848,0.501846604565816,0.488055547687933,0.488529037415947,0.487683227398718
604,0.251328720239381,0.489459244072383,0.307587828190277,0.265213498821047,0.344678613314187,0.45928600149413,0.5,0.428089949957452,0.398913330306133,0.339738226652566,0.279849415747825,0.267241038000052,0.255319466346523,0.25,0.399097965365341,0.279974162449583,0.33788857851736,0.256006548414164,0.282952902104388,0.359142158687006,0.261678747752216,0.299327233159709,0.483360468119307,0.399239643365272,0.502186075420464,0.488364341525874,0.489070850883493,0.488026838987058
605,0.251425536177522,0.488947643388299,0.307449966011576,0.265197466915263,0.345410570716748,0.459225236247384,0.5,0.428094844119385,0.398909921220368,0.339802535754106,0.279738008478665,0.267186135582659,0.255369840727284,0.25,0.398822558991727,0.279610018050673,0.336698093629329,0.255879933512355,0.282873346043178,0.358820158085867,0.261745710117188,0.300608052457807,0.483833473694543,0.403207507233249,0.502256674339143,0.48800399682075,0.488899479198088,0.487806187079571
606,0.25149110826669,0.48925715976924,0.307595744408597,0.265115753106033,0.346128129991931,0.459362298268798,0.5,0.428242887355153,0.399071888869858,0.339874598857049,0.279833052544734,0.267251204598447,0.255382514820418,0.25,0.398629577477349,0.279272783655444,0.335677584319255,0.255664086994505,0.282790503598175,0.358621557136674,0.261765309318947,0.302032265159391,0.484354602882264,0.406974877976432,0.502787112428255,0.488114778527954,0.488920597180827,0.48772910232395
607,0.251368095884954,0.489108249112863,0.307576413379748,0.265120207176112,0.346763082268842,0.459397493619437,0.5,0.428325019569789,0.399162957543694,0.340033527655302,0.2798522873007,0.267306203721071,0.255428515406925,0.25,0.398075810921539,0.278943579485276,0.334605074733508,0.255535187182376,0.282755807050509,0.358204135039467,0.26185437927501,0.30356110744005,0.484697532366448,0.410771721653208,0.50362738747378,0.487912184564282,0.488609383064414,0.4874862803874
608,0.251389423523022,0.489549444665051,0.307753820567427,0.265063161096928,0.347488369275783,0.459599513814972,0.5,0.428233019923343,0.399106394234012,0.339875706727022,0.279860419337757,0.267308628055602,0.255347924154675,0.25,0.397776773358773,0.27846098089899,0.333498102334542,0.255181623265648,0.282538656975029,0.357794558911103,0.261843569738525,0.3052426793146,0.484927888208327,0.414952842024296,0.50423257287462,0.487821414027581,0.488344266325534,0.487343660482894
609,0.251286489788532,0.489537488896933,0.307762714511708,0.265075925720437,0.348415956619374,0.459880779799684,0.5,0.428217643025053,0.399040702987043,0.33984409180265,0.279909579091144,0.267364931578277,0.255221075779349,0.25,0.39766671915738,0.278036270874231,0.332520146920382,0.254924680559993,0.282418581346778,0.357570010362584,0.261897672716463,0.306885603516091,0.485792917967182,0.419194646570591,0.50492593160776,0.488234367127597,0.488530280046987,0.487715343429141
610,0.251324130183574,0.489189353490999,0.307770490880056,0.265182000655023,0.349045753464914,0.459760657447752,0.5,0.428072627542535,0.398956718032573,0.339847623476391,0.279905746827516,0.267377913871559,0.255229861412884,0.25,0.397284142873286,0.277701693021418,0.33157084930203,0.254782964616311,0.282404854715159,0.357327246889885,0.261982951726264,0.308259117967088,0.486046045754594,0.422749582422276,0.505142479950745,0.488037706214649,0.488409125371637,0.487512207509027
611,0.251470865388945,0.489353049029496,0.307962417350854,0.26530674449513,0.34990653285338,0.460060034428881,0.5,0.428131033162571,0.399036698303262,0.339902969104061,0.280042428624666,0.267450757729812,0.255263808010655,0.25,0.397198000135328,0.277540678077155,0.330969995511957,0.254722976143065,0.282422522933958,0.357367971808841,0.262179300480542,0.309867300677499,0.48697898099778,0.426801168482463,0.506224676943366,0.488799531053692,0.488809487825136,0.488127905009071
612,0.251654356921415,0.489847590446865,0.308271717730855,0.265432004543684,0.35072751197337,0.460510915930437,0.5,0.428029335331931,0.399023487222803,0.340009070339503,0.280224019480076,0.267541111640861,0.255308391339457,0.25,0.396989164819655,0.277477369686704,0.330515390491181,0.254798473986706,0.282677694325426,0.357401285342075,0.262526748535307,0.311341827377611,0.487391366675473,0.430455295204798,0.507356369208551,0.489130934422206,0.489012364400797,0.488081821979681
613,0.251608997290182,0.49049522257993,0.30850261371332,0.26531793868357,0.351182197063688,0.460820286748299,0.5,0.428056139323065,0.399076028562291,0.340018785263264,0.280188396089596,0.267493337039176,0.255395038384974,0.25,0.396769475876572,0.277150753252939,0.329815839652314,0.254631877346286,0.2827016293006,0.357290961668615,0.262577985375697,0.312719509864966,0.487625974519735,0.4341074279265,0.508564508566547,0.489552354071233,0.48905079133547,0.488206908441738
614,0.251682419544341,0.49089097229484,0.308596250117001,0.265410883702677,0.351708233498166,0.460996683165202,0.5,0.428061802555456,0.399128262894463,0.340103485196191,0.280251461442238,0.267548668688896,0.255421799691043,0.25,0.396427795929768,0.276883141590702,0.329102676685486,0.254678986132635,0.28286449120043,0.357167080910222,0.262872461886144,0.314172698375288,0.487935468386356,0.438006089474421,0.509679577196418,0.489793051089326,0.489060310901889,0.48821401873526
615,0.251421213627747,0.490929679772938,0.308429338329044,0.265216970856346,0.351834448990796,0.461151544426374,0.5,0.427766486373622,0.398976818575995,0.340005161193661,0.280159952525321,0.267541423320745,0.255427525998211,0.25,0.396128804366152,0.276418353447405,0.328232343657465,0.254443735131439,0.282748038512568,0.356856746162397,0.262873285580935,0.315095610841241,0.487249628637449,0.440789296181828,0.509475994606044,0.489253258494183,0.4881468571175,0.487503761074215
616,0.251185514922416,0.49110528462749,0.308336362320283,0.265040001553483,0.352250279609729,0.461280568379383,0.5,0.427850016565658,0.39881875849161,0.339760309051883,0.280176453495592,0.267502339301548,0.255349893172703,0.25,0.395713459869813,0.276013253357423,0.327458045422492,0.254060142282432,0.282664643949161,0.356740716635875,0.262703251631098,0.316110199309865,0.48743831313684,0.44404486693829,0.510051362484753,0.489348084203588,0.488094569300571,0.487446543342791
617,0.251245449185967,0.491066224660956,0.308376316060664,0.265120920164975,0.352984926899866,0.461514706182529,0.5,0.42771746250139,0.398962111649008,0.339900321145385,0.280261021370521,0.267630806265143,0.255353987566759,0.25,0.395484748539139,0.275903705808285,0.326993909825957,0.254116310302658,0.282787781594578,0.356880177267453,0.262995918732033,0.31705743984303,0.487367920263605,0.446756031738628,0.510081003386533,0.489370309847802,0.487758930230876,0.487190976874881
618,0.251313909550063,0.491684428571544,0.308641620690233,0.264942399710524,0.3535435562235,0.461705375497338,0.5,0.427822360611036,0.398922442711797,0.339831415107401,0.280254586390274,0.267565536417326,0.255302141823962,0.25,0.395251855108595,0.275575159641269,0.326345301628678,0.25381028200825,0.282813637367199,0.35697146123453,0.263011235755622,0.317780719859826,0.487560196915073,0.44955707786283,0.510315056429576,0.489410546280464,0.487599479864768,0.487101508700799
619,0.251646859383686,0.492463323420248,0.309039090340642,0.265018313452707,0.354231972814336,0.461868162991908,0.5,0.427744093386624,0.398997671104859,0.339995716721615,0.280442763247591,0.26770027977427,0.255393350837166,0.25,0.395245596804752,0.275487271028339,0.326019275077002,0.253868832485457,0.283009444500224,0.357094137822779,0.263188136339636,0.318652430762132,0.488220434390943,0.452692593747212,0.511007631083871,0.489529920764177,0.487807373807653,0.487349253205643
620,0.251753360051015,0.492615060820632,0.309155970811909,0.264964794949709,0.354560757379136,0.461690640318568,0.5,0.427640409636003,0.398875968794208,0.340070065492982,0.280522035729492,0.267748931311724,0.255454390196034,0.25,0.395060385348127,0.275323222594502,0.32554783661288,0.253848555304805,0.283114150705261,0.357123050528361,0.26328419680516,0.319576799366705,0.489007665233546,0.455604369478645,0.511438990248892,0.489797894757033,0.48808863967342,0.487556691107726
621,0.251534991521765,0.492275808887826,0.309104290541211,0.26479653331867,0.354576460364984,0.461069778890202,0.5,0.427764205398123,0.398740855165608,0.339927917624036,0.280502557705263,0.267727358466523,0.255382962402645,0.25,0.394574350534772,0.275018995783136,0.32481733172429,0.253678472983995,0.283073052463919,0.356843233023011,0.263176469191343,0.320230696411518,0.489283341661293,0.458428075464009,0.511548765659852,0.489675386627369,0.488127598852167,0.487542752044367
622,0.251385402042684,0.491703355490044,0.308974455938411,0.264796958821195,0.354785994813716,0.460918877634921,0.5,0.427770202900849,0.398920861811603,0.340009364663743,0.280436117440632,0.267715163879812,0.255429692946329,0.25,0.394345389768585,0.274792800849823,0.32425037827209,0.25362029524866,0.283108532089465,0.356926833567992,0.263316713844716,0.321037224021433,0.48932935235391,0.46069228161422,0.511380485967186,0.489444522543221,0.488111321034184,0.487464587328601
623,0.251316674417514,0.491021424080366,0.308989697492868,0.264859827671291,0.355174591684846,0.460913212093012,0.5,0.427979125253368,0.398882776842413,0.340086660974033,0.280440335596216,0.267769585172918,0.25545700216502,0.25,0.394122503043343,0.274624771759189,0.323724296809436,0.253575441184071,0.283311121422746,0.357120907202993,0.26357076696375,0.321746357584078,0.489373165281893,0.462840407057617,0.511342152905211,0.489392520259071,0.488179718027768,0.487516194250197
624,0.251509616987318,0.49054737892421,0.309091520843797,0.265025691855497,0.35557059628721,0.461108748830777,0.5,0.427879676803357,0.398900377958285,0.340049261980344,0.280438713338718,0.267723041712658,0.255462523430628,0.25,0.39414227673314,0.27445687797028,0.32329402825978,0.253628638469797,0.283523013971106,0.357360456544677,0.263850104938431,0.322214922716123,0.489272566392172,0.464871019832459,0.51095551675161,0.489144646876599,0.488125003595474,0.487503985137809
625,0.251590671882958,0.490373024511665,0.309028616161077,0.265124752425597,0.356119713756877,0.461586218198118,0.5,0.427775693347835,0.398828151180234,0.340102074086476,0.280576892559192,0.267711066399815,0.255508415855251,0.25,0.394404186272239,0.274523055187256,0.322911329068444,0.253672229327731,0.283841218741845,0.357814640957477,0.26417520647853,0.322714592320638,0.489576384891712,0.467095287719556,0.510923775006444,0.489377936135568,0.488404881522176,0.487785825268054
626,0.251674847370206,0.48994511221721,0.308931992629497,0.265163492127873,0.356407521411104,0.46152647172524,0.5,0.427757491379088,0.398658584746771,0.339985968018935,0.280462199059945,0.267650219779683,0.255450754314959,0.25,0.39436171327844,0.27441610035691,0.322400673546363,0.253721654185847,0.284041687902965,0.357915165644345,0.26432728817947,0.323133559377332,0.4897494651583,0.469284726398403,0.510450806723904,0.489405106691329,0.488561513457205,0.487778922548678
627,0.251560716650477,0.489794184675619,0.308728205975732,0.265016257510694,0.356650333688214,0.461333640746595,0.5,0.42769147371846,0.398497904128944,0.339830692778102,0.280483580920681,0.267580886590002,0.255448373297166,0.25,0.394412442631554,0.274194076060492,0.321872772966491,0.253626810920425,0.284155206523672,0.357926219830002,0.264358770644953,0.323688695056636,0.489951547657642,0.471126546824579,0.509977191932577,0.48947543671663,0.48870712463559,0.487865108865459
628,0.251388483996817,0.489660634419184,0.308499616815563,0.264880577134184,0.356784026678084,0.461175075417864,0.5,0.427811971721117,0.398296960445351,0.339770940080915,0.280509665870409,0.267612768918492,0.255454670071752,0.25,0.394171922910158,0.273934245953757,0.321381736412018,0.253503001985701,0.284227597365343,0.358071108863498,0.264418993680069,0.324108465601318,0.489753868266953,0.472714345590097,0.50982415874937,0.489406230000365,0.488577201584775,0.487747293235383
629,0.251297276513215,0.489426157248471,0.308449696704878,0.26474105985952,0.356725147599088,0.460541749783488,0.5,0.427544586562191,0.39814420104007,0.339537212595761,0.280458897184001,0.26757958376916,0.255406101440752,0.25,0.393513589471252,0.27360115702311,0.320725313893031,0.253404606120124,0.284333632443826,0.357887771790995,0.264470428216507,0.324376542465896,0.489152880219736,0.473724595570382,0.509492670895288,0.488769670792473,0.487960698777368,0.487162274311193
630,0.251336449415167,0.489507645884887,0.308647404477041,0.264729021693259,0.356981882821993,0.460384151838703,0.5,0.427366251287704,0.398210634727262,0.33964149476358,0.28045210649776,0.267577205636538,0.255466872177331,0.25,0.392958910636245,0.273383566852577,0.320272181064285,0.2532827792436,0.284548697407126,0.358020500140994,0.264687826521214,0.324654278480464,0.488837152470431,0.475016895765882,0.509764322707959,0.488622922681859,0.487804099702886,0.486853177935334
631,0.251251461277487,0.48991868892205,0.308917628841794,0.264785119301599,0.357246495428769,0.4606984057943,0.5,0.42732039274155,0.398359249068752,0.339700546797681,0.28045317116407,0.267540048994659,0.255457443147893,0.25,0.39266037426664,0.273290945719601,0.319833039300156,0.253235472368457,0.284783327251965,0.358263192828591,0.264897641752333,0.324829190460236,0.488810413360536,0.476510861517686,0.510327074936693,0.488859882169913,0.487874441504021,0.486806150608998
632,0.251596820912779,0.490784393951745,0.309656942670954,0.264957788195459,0.357620175698533,0.461046107562705,0.5,0.427366823926119,0.398423448373938,0.339764326044001,0.280495374264047,0.267601132959668,0.255432341109781,0.25,0.392631413125592,0.273341046176842,0.319592839229435,0.253365330723164,0.28523944683031,0.358571084272856,0.265316035560638,0.325340047006025,0.489279787654913,0.478089046719985,0.510855183601839,0.489213970924126,0.488270961490436,0.487158685288839
633,0.251759317044025,0.491064079127022,0.309930985796253,0.265115647165073,0.358120926354507,0.461639241110917,0.5,0.42743805525328,0.398446761283922,0.339967464814444,0.280630218694863,0.267732630258544,0.255517523638721,0.25,0.392989776269556,0.273418201673695,0.319454310390758,0.25343567718269,0.285611012677065,0.359244758899602,0.265641731807639,0.325931878337214,0.489976073553545,0.479819984263019,0.511406349809067,0.489966390969564,0.48887750432084,0.487694878514752
634,0.251676390022595,0.490956454317933,0.310031185047394,0.264841649034169,0.358190009090423,0.461490318900337,0.5,0.427483203725014,0.398313317822096,0.340025335187448,0.280685736273495,0.267733154582296,0.255400148315235,0.25,0.392981271318522,0.273105564630059,0.318987739871421,0.253334960900333,0.285794217159192,0.359483494227378,0.265662888089135,0.326354497267529,0.490086543791744,0.481013115746251,0.511576025458692,0.490224562843965,0.488919497610456,0.488151794952951
635,0.2514320454049,0.490243200875063,0.309788481924649,0.264677957039541,0.358075732982838,0.460785954161813,0.5,0.42720844583695,0.398171783683706,0.340115626813953,0.280584946795894,0.267702138315697,0.255343560940403,0.25,0.392551724047461,0.272740645147367,0.318246599058818,0.253183225351083,0.285871475994288,0.359617920885945,0.26573534556863,0.326548511265112,0.489185988170462,0.481045616238252,0.510840567846995,0.48957437532451,0.488065263622237,0.487469730020526
636,0.25105762584875,0.490178443431416,0.309497859269615,0.264464791607202,0.358125033693853,0.460514039994948,0.5,0.427063380019007,0.397920606584838,0.339955769137743,0.280531695739059,0.26761245910854,0.255360834160447,0.25,0.392222461257619,0.272195789703051,0.31777549365811,0.252851647732305,0.285897011049609,0.359811290383704,0.26579712398798,0.326726813599066,0.488786437876817,0.481650780434058,0.510755010057526,0.489224820641475,0.487740511430476,0.487298803496064
637,0.250906904845974,0.490449541741826,0.309627487230754,0.264387612629803,0.358534876984137,0.460903784746345,0.5,0.427061691007369,0.397966934136371,0.339834110329396,0.280570934058888,0.267692254728844,0.255433475210649,0.25,0.392367951687672,0.272046390663112,0.317353262761137,0.252773318416999,0.28608757545221,0.36016027923338,0.266037079997011,0.327204296479692,0.489074443074062,0.482547766902092,0.511256866320552,0.489516684601034,0.487780193334965,0.487427276140708
638,0.251179880188971,0.490942189316188,0.310019461056497,0.264503401758806,0.358968012613693,0.461520798421547,0.5,0.427191044201559,0.398079542154345,0.339815967006298,0.280702425189897,0.267758384966973,0.255557687963158,0.25,0.392436120981052,0.272175521369304,0.317225761179001,0.25277037526293,0.286521545684543,0.3607630441417,0.266452080701455,0.327780772324237,0.489623090262512,0.483645111045786,0.512059266417503,0.489796168463417,0.488149693671683,0.487719286171532
639,0.251262314729409,0.491350817971315,0.310106764607366,0.264572758930322,0.359349271468776,0.461899197683249,0.5,0.427131707070062,0.398078985422225,0.339627438880639,0.280769942901038,0.267886132257866,0.25560795793782,0.25,0.392339187455153,0.272226487231735,0.317089856063705,0.252976017568992,0.287014457902117,0.361180543543716,0.266894540492263,0.328408586601911,0.490498192270382,0.485302348464905,0.513167688223594,0.490448313228108,0.488882936351135,0.488606348429857
640,0.251414325321319,0.490902366516382,0.310193057344069,0.264581776800897,0.359471933503233,0.461869923077864,0.5,0.426772821244984,0.398103916802874,0.339757826256597,0.280768569844751,0.267852459970363,0.255524837639825,0.25,0.392183478047121,0.272088644017566,0.316675768953315,0.253009142970403,0.287431216834272,0.361418393079842,0.267237199837075,0.32897685676683,0.490678830374475,0.486166887353201,0.513785394459735,0.490723911247792,0.489078310685668,0.488656478855278
641,0.251622030590704,0.491215984456796,0.310381784859526,0.264624232458012,0.359770314414363,0.462007603914547,0.5,0.426852377789879,0.398092128066394,0.339938781451423,0.280899922761587,0.267914842751501,0.255498124546605,0.25,0.392203610581798,0.271920548707292,0.316510519208386,0.252979053569129,0.287893908843104,0.361959020270752,0.267640277291498,0.329527167867033,0.490533162641294,0.486746061991865,0.514126592394454,0.490907455559909,0.489112536051259,0.488826213587642
642,0.251237593697183,0.490890384227927,0.310094354735905,0.264110036069715,0.359487205005043,0.461318849931116,0.5,0.426711703330128,0.398117363453556,0.339811235067265,0.280778113790366,0.267843738615063,0.255471506520053,0.25,0.391547668820366,0.271291668126462,0.315744121021108,0.252582851728967,0.28776744833782,0.361899853455322,0.267614409075764,0.329619204007927,0.489978684176276,0.486732538986248,0.51358936610242,0.490430527639576,0.4887200833736,0.488536153485202
643,0.251252013695788,0.490973622250719,0.310246657306146,0.26399519567967,0.359503869964953,0.46108500427634,0.5,0.426730290839609,0.398019721298748,0.339804965620582,0.28068250743051,0.26771909786767,0.255422190691298,0.25,0.39135108590623,0.270985051595683,0.315345489296401,0.252526007329441,0.287988685517872,0.362188910086366,0.267697641030361,0.329969666428112,0.489742601206223,0.486725192116511,0.513312381021162,0.490052948707055,0.488342718135915,0.48814245883882
644,0.25132228406748,0.49164271265144,0.310414848780054,0.264099826221547,0.359813323341564,0.461373940194161,0.5,0.426862116987609,0.398072386136341,0.339633375305201,0.280643173823412,0.267612093097346,0.255519457822303,0.25,0.391223661594195,0.270963569157512,0.315004517440564,0.252600203428947,0.288333287716528,0.362616208754495,0.268009755101583,0.330391272737627,0.48976901821775,0.486937995234669,0.51326073328157,0.490021822296095,0.48842443771451,0.487973667964992
645,0.251323019596502,0.49194130367206,0.310553437509736,0.264265626682172,0.360176870386717,0.461759267466053,0.5,0.426549507074392,0.398033876600131,0.339526391882165,0.280615993410827,0.267675423511271,0.255540206168485,0.25,0.391281353649806,0.270998946241719,0.314878925367239,0.252770307439231,0.288856994590806,0.363227403057484,0.268342783305603,0.330561109791073,0.489556386794197,0.486922167137236,0.51274770700352,0.489696163302547,0.488274048781017,0.487505794556674
646,0.251707849119837,0.492028634094633,0.310754513548583,0.264482413953735,0.360787107265571,0.462290751033857,0.5,0.426349870687047,0.397946824064662,0.339535866833618,0.280891556029842,0.267984201069527,0.255667443779724,0.25,0.391419958360518,0.271084806576339,0.314987853632822,0.252975891171347,0.289587074025852,0.363942527344789,0.268747280552112,0.331173867489877,0.490176295890547,0.48780879535383,0.51307607080132,0.490011602209003,0.488823298380496,0.487685233615082
647,0.251820450682243,0.491970503531602,0.310862306392512,0.264372217444951,0.36085174540259,0.462239088648826,0.5,0.426247669092399,0.398100181205629,0.339534251333562,0.280790799462092,0.268020172063367,0.25569181740718,0.25,0.391451761883161,0.270979580050307,0.31461279517205,0.252815496450489,0.289924701108918,0.364218507555544,0.269033552072445,0.331477856735081,0.489952804929808,0.487771789558729,0.512602507608239,0.489765019025718,0.488714023156743,0.487454542102695
648,0.25158850233793,0.492112154920123,0.310772047030144,0.264230585027655,0.361133667392306,0.462322917790183,0.5,0.426154193650515,0.398018296993066,0.339526058065481,0.280838307316768,0.268110446253212,0.255601370613729,0.25,0.391487294693818,0.270892594619537,0.314725980009518,0.252644031296945,0.290299985029538,0.364798454635611,0.269350718673272,0.331897132339639,0.490418440795126,0.488485139087923,0.513013114676262,0.490460466396613,0.489042114726017,0.4878958966177
649,0.251320565586229,0.492026842153236,0.310714760543719,0.264227701698387,0.361236659247433,0.461976031551453,0.5,0.426405515872685,0.398062348525582,0.339549598339769,0.280649887233524,0.267961235774358,0.255515103215175,0.25,0.391436375574721,0.270799162102411,0.314593586582107,0.252542626620087,0.290610627578878,0.365217597693332,0.269677541444568,0.332502696002126,0.490471458796264,0.488949273642171,0.5129727401451,0.490841408052898,0.489239422701361,0.488264411645447
650,0.25119159910001,0.492024700791514,0.310823146596155,0.264160726496219,0.36145256559472,0.462196766163141,0.5,0.426427107817755,0.398013887939685,0.33930777134152,0.280601926423077,0.267891758808908,0.255444175415508,0.25,0.39178981591406,0.270842161208909,0.314548061912271,0.252555100610737,0.290976186500539,0.365807260539814,0.270059514436026,0.333207296187201,0.490594728421685,0.489329683506817,0.512977930708753,0.491027072683198,0.489218676563268,0.48867743015499
651,0.251114465442349,0.492140883182801,0.310886376747407,0.264299435681243,0.361907382882555,0.462555330422282,0.5,0.426358953150304,0.397740630329688,0.339203012004069,0.280700076725198,0.267926692212413,0.255399305574687,0.25,0.392117491920307,0.271000531909361,0.314815343093675,0.252776762958146,0.291435710951645,0.366593865952325,0.270519979873099,0.333873469696709,0.491324698594779,0.489947900364243,0.513303622869479,0.491436825688629,0.489823785542129,0.48921399214134
652,0.251210238607271,0.492157720084763,0.311119730047915,0.26409656082574,0.361989689430175,0.462627915871466,0.5,0.426145800801163,0.397438017000531,0.338973367776429,0.280585873753725,0.267746426576799,0.255418864197239,0.25,0.392018338777091,0.271004765192195,0.314661632990855,0.252678899795897,0.291708449148464,0.366978775862468,0.270817782284026,0.334280407614378,0.490846417050452,0.489792536633024,0.512907853628504,0.491081491270854,0.489612844914945,0.489113258266594
653,0.251368159561608,0.492239650107858,0.311384667712852,0.264334169860963,0.362175102826122,0.462629056953276,0.5,0.426028104256434,0.397394259737392,0.339082939924774,0.280709759627734,0.267769470208683,0.255452459268864,0.25,0.392141828966026,0.271245281788636,0.314907258628129,0.252911026670311,0.292204951973025,0.367497934144826,0.271426812589137,0.334688140408824,0.490908611679449,0.490013035000495,0.512958735118577,0.490838658795333,0.489628471770467,0.488862977582713
654,0.251432227758898,0.491693401130201,0.311299427669522,0.264337058934585,0.362098863291315,0.462166345274423,0.5,0.426034588551151,0.397442216393456,0.339313827600786,0.280799302343633,0.267760920965473,0.255559210613057,0.25,0.392052364640048,0.271379517727244,0.314844110576607,0.253047662471059,0.292710116922831,0.367746169332559,0.271941459121696,0.335096934253925,0.490562369945968,0.489603831714565,0.512512719270946,0.490264775244851,0.489241945649942,0.488515411486999
655,0.25154423660592,0.491155763459842,0.311293407127719,0.264476210388576,0.362381546405635,0.462198121639963,0.5,0.426028970817674,0.397479229588215,0.339566402347281,0.280778467647719,0.267922119048034,0.255676735453816,0.25,0.39212883662493,0.271739817298233,0.315103528998627,0.253222308119221,0.293432089529908,0.368311648140614,0.272490574686198,0.336022231781646,0.49016967059848,0.489426254281205,0.51217595075113,0.490079392864096,0.488994432567255,0.488316847468306
656,0.25133292567917,0.490356437713142,0.3109910242812,0.264382214543166,0.362648524067061,0.462245447075404,0.5,0.426059394523855,0.397415230687431,0.339497053257226,0.280754678046176,0.267863466942363,0.255598168261463,0.25,0.392230327992929,0.27176180214927,0.315299894994935,0.253179953575028,0.293716931366288,0.368752217109483,0.272901681067835,0.336538975674827,0.489815803635751,0.489328719458363,0.511821814781928,0.490063852255777,0.488820168629673,0.488440815091838
657,0.25156117266039,0.490038273667948,0.311115085957868,0.264309178643024,0.363206142081705,0.462796642043993,0.5,0.425835564734925,0.397341311102074,0.339397084214352,0.280696455329978,0.267850840215489,0.255483947093887,0.25,0.392609670147086,0.271891068460202,0.315550180590931,0.253144023066942,0.294171955638312,0.369392421785759,0.273314584886765,0.33738293990063,0.49017978805448,0.489667777521548,0.511222586734891,0.490247506802682,0.489183816068523,0.488697041110755
658,0.251570947991468,0.489967963702668,0.311243849835367,0.264368077607871,0.36385876579674,0.463392058771497,0.5,0.425950385567971,0.39744669435524,0.339444542048313,0.280689368228657,0.267859530704444,0.255396466655051,0.25,0.393126852522194,0.272121025874911,0.31608158142433,0.253237565685108,0.294789897685367,0.370207531540865,0.273798495896087,0.338390675057999,0.491139505114146,0.490646904951003,0.510932875450093,0.490800383446491,0.489772441205405,0.489321949106022
659,0.251460019977231,0.490271705829649,0.311392462755084,0.264290843057391,0.364108165594566,0.463523505286384,0.5,0.426066680915772,0.397347242622445,0.339371042068285,0.28070224586512,0.267849151777305,0.255426151538954,0.25,0.393340828882802,0.272116893922254,0.316276283139143,0.253192288201357,0.295150232236198,0.370536136801768,0.274037182557434,0.338713735750191,0.491674364123437,0.490906489672884,0.510301885789344,0.490693319214109,0.490023115897289,0.489525479879831
660,0.251314030161044,0.489712314421256,0.311383857780181,0.264217955467159,0.364316357288983,0.463288085896134,0.5,0.426078074289345,0.397271106555777,0.339477198160476,0.28073185962215,0.267940408676302,0.255465185650787,0.25,0.393410311443324,0.272260518818827,0.316635300114536,0.253277787813275,0.295636809004212,0.370883163142979,0.274415982666239,0.339418263250287,0.492027292375259,0.491167201047709,0.510126966685384,0.490781688620217,0.49040450285505,0.489390412027762
661,0.251299415726906,0.489791311194789,0.311387484941127,0.264269473531514,0.364335092173828,0.463026158783539,0.5,0.426239183174199,0.397325334404145,0.339410535464649,0.280648608912583,0.2679033878297,0.255474666494314,0.25,0.393435243968251,0.272506611778208,0.31709427100687,0.253421545713158,0.296058170324329,0.37121533115725,0.274870211826306,0.339689731817758,0.49135269093702,0.490576660199549,0.509846225327378,0.49037709484037,0.489970345265604,0.489094557805728
662,0.251038750866434,0.489627845928714,0.311472480629558,0.264407520462804,0.364497790969836,0.462777959685836,0.5,0.42615772347537,0.397187085873877,0.339392296872581,0.280858579572079,0.268312093294547,0.255529888679612,0.25,0.393760566626463,0.27323640139859,0.317886406008023,0.253547479425717,0.296313185793622,0.371473598780169,0.275765841282768,0.340214918184818,0.491246042618208,0.490514278905066,0.510314256134056,0.490202392260713,0.490061813853322,0.488846257659374
663,0.251339287407874,0.489854839666499,0.31183093525409,0.264512025943679,0.364679392267688,0.462631163393777,0.5,0.426052202612924,0.397137575197506,0.339411930818767,0.280845108107686,0.268306785263622,0.255501497335425,0.25,0.393774831971734,0.273631904819949,0.318467048842782,0.253799845839204,0.296766930019084,0.371822822458265,0.276653222316342,0.341032005066502,0.490591464674854,0.490533806291974,0.510344299052528,0.489934225693414,0.489662360008759,0.488517243457652
664,0.251462841765659,0.490409239203295,0.312346242239376,0.264355957172932,0.364958406130836,0.462770363745989,0.5,0.425929796006857,0.396949421701218,0.33935631609966,0.280911858140848,0.268328258186013,0.25548679419494,0.25,0.393707293606457,0.27389534386846,0.319021369342497,0.253765725123232,0.297073627858568,0.372144907668647,0.277231098816593,0.34198513882665,0.490711560086284,0.490735522933094,0.510798054761457,0.490036146641264,0.489809947691674,0.488777646638558
665,0.251583253300658,0.490439728238554,0.312549229186328,0.264093815195956,0.364997767934431,0.462875587264785,0.5,0.425821975359043,0.397051023305871,0.339477780145086,0.280967677706983,0.268264807590018,0.255545069382541,0.25,0.393294927179504,0.273902116631114,0.319319635842913,0.253743789643776,0.297229437311037,0.372338252099662,0.277525163755686,0.34283580722156,0.490396126914361,0.490609617265643,0.510620651531537,0.48988154077593,0.489729205107107,0.488348663393957
666,0.25172130872075,0.490657402652669,0.312638848593409,0.263774959774742,0.365243491939103,0.463045900363879,0.5,0.425590601786259,0.396836240256686,0.339309535281038,0.280884330323628,0.267971826977373,0.2556076522368,0.25,0.393068922616119,0.273622079551224,0.319484042506677,0.253701063686016,0.297571413860578,0.37253666136633,0.277828033419768,0.343295799087934,0.490012909912245,0.490084077406616,0.510204314214431,0.489578192232799,0.489135297868658,0.487934678849825
667,0.25134710363321,0.490050120719888,0.312289422162114,0.263853155380906,0.365538247278595,0.463437565467773,0.5,0.425623644296715,0.397028716693398,0.339491630939845,0.280777267685868,0.268016640738493,0.255626890088766,0.25,0.393109123593769,0.274062512420285,0.320058816627849,0.253851692671592,0.297954680199373,0.372816054862265,0.278486394874918,0.344042016229055,0.4901978679272,0.489973407429872,0.510161516000783,0.489640263854924,0.489198016730934,0.487889481266092
668,0.251035373244374,0.490011348346062,0.312091652513558,0.263859510986765,0.365975253421193,0.463933445582343,0.5,0.42558975878731,0.397132787537557,0.339329380789942,0.280741763140344,0.268105483146107,0.25577097133838,0.25,0.393571573587769,0.274540130865913,0.320730862576076,0.254002019384313,0.2982335445355,0.373131854573989,0.279123510999006,0.344494780592976,0.490043857196101,0.489826412971945,0.509910880687716,0.489836312817107,0.489195115210897,0.487763306690811
669,0.251001898388312,0.490623195576913,0.312399359777295,0.263808140576331,0.366479487928688,0.464394126843856,0.5,0.425693007090768,0.397124304848744,0.339461076098855,0.280658476271888,0.268056763084176,0.255695992935291,0.25,0.394297029591344,0.274734349680572,0.321480192309424,0.254043085736391,0.298471592943913,0.373693825075249,0.27987563526574,0.345475965018137,0.49028005158343,0.490309594792551,0.509738649252242,0.490188300600866,0.489404442605888,0.488074403007496
670,0.250918534592168,0.49036703343897,0.312478038245058,0.26384941079911,0.366865019809809,0.464220836370568,0.5,0.426024189538063,0.397449372408578,0.339678481979034,0.280572987892131,0.268008786277645,0.255681828182736,0.25,0.394599185563777,0.275016334811369,0.321973980585932,0.254197708577788,0.298742056882764,0.373973611863999,0.280725456331017,0.346180615629718,0.490120896196036,0.490457802888968,0.509486677909445,0.490195747642725,0.489447896908685,0.48827697006242
671,0.250964566656302,0.490572529622149,0.312714659876349,0.263687669180468,0.36711540039704,0.464018936913687,0.5,0.425913331896136,0.397415793925204,0.339531964156977,0.280586198830945,0.267902956501529,0.255579362441986,0.25,0.394617859866489,0.275015929724314,0.322229831136215,0.254061732176172,0.298799610803165,0.374125430407256,0.281216351193533,0.34700267375148,0.490296523424404,0.490845545378817,0.509490461536581,0.490300048519367,0.489270423652759,0.488515705021026
672,0.250940414499285,0.489747752384849,0.312761339666937,0.263636641192219,0.367265751012914,0.46376510969252,0.5,0.42585256062164,0.397217946849708,0.339392595491696,0.280480254675712,0.267918867302007,0.255466226569023,0.25,0.394461378243207,0.275295733073346,0.322590947824006,0.254230558878286,0.298863551869959,0.373996994349215,0.281988818640426,0.347866873192691,0.490243707556445,0.490861130969886,0.509298911886954,0.490180761291081,0.488904375146859,0.4886747071937
673,0.250738111428526,0.488596115562859,0.312587841114377,0.263368392220518,0.367161453875372,0.463207589001204,0.5,0.425515345366842,0.396823802566294,0.338979736245679,0.280429454806514,0.267998306187902,0.255502504187497,0.25,0.394060778126104,0.275434232636548,0.322933486834894,0.254219829315677,0.298741080762092,0.373632051010044,0.282416454485113,0.34840196188037,0.489273638339773,0.489904025903316,0.508212131666636,0.489067466975855,0.488130402030973,0.487731641580465
674,0.25077606990157,0.488790720963538,0.312679394701905,0.263403685315913,0.367655678166496,0.463910563158983,0.5,0.425524829071972,0.396682167783703,0.338972780200492,0.280577513330964,0.268028059803238,0.255460969002622,0.25,0.394687873739803,0.275979647898311,0.323912039715625,0.254398650433211,0.298969440680223,0.374017171023212,0.283310658468484,0.349537469358733,0.48970356350057,0.489937880056699,0.508191219290827,0.489427852499093,0.488525402058243,0.487808542050907
675,0.250923599999452,0.489262909452155,0.313012011904782,0.263382131938421,0.368013193900246,0.464368599180819,0.5,0.425294296186744,0.396488559067472,0.339090290990724,0.280742079672769,0.268136754002523,0.255578481004101,0.25,0.395002540591495,0.276413280661574,0.324715959374479,0.254635102554,0.299067353060968,0.374256006512996,0.284223536022045,0.350723837377086,0.489948290490469,0.490037463684286,0.508201780323046,0.489409528546105,0.488962285641361,0.488023551330443
676,0.251099334536988,0.489574454097194,0.313148144186478,0.263466887263161,0.368650221876426,0.465210075928019,0.5,0.425441634032983,0.396819991304836,0.338901330874057,0.280795406897242,0.268044702815185,0.255581163139789,0.25,0.395595272428224,0.276738813289217,0.325486734269735,0.25461133528452,0.29925146760254,0.37500038784503,0.285101286580348,0.352021738926842,0.490342262172856,0.490693816552062,0.508663787075181,0.489980117212701,0.489611222225191,0.48850954594646
677,0.251287791809962,0.490617765919966,0.313773700184119,0.26365659593149,0.369230551792835,0.465969055342562,0.5,0.425581595772377,0.397184020173779,0.339024952533769,0.280883375545626,0.267906844884666,0.255463396735821,0.25,0.396259646805849,0.277276876268472,0.326374265762228,0.254821300907759,0.299502722499073,0.375725409639572,0.286091411096566,0.353317628628627,0.491426005618224,0.491700538433618,0.509745821529926,0.491324161977055,0.490676466815253,0.489777409773415
678,0.251111969230373,0.490130044176486,0.313638519221084,0.263518539109051,0.369175397491995,0.465567174168236,0.5,0.425525441810504,0.397048472902069,0.338828565888154,0.280882336262139,0.267820984583095,0.25536726007466,0.25,0.39585042230807,0.277240294524642,0.326420426648012,0.254760869329506,0.299266085853647,0.375445611538233,0.286611162875272,0.353967769179366,0.490741607253827,0.491452439427353,0.508848442793991,0.490753801094204,0.489813208871946,0.489245980738978
679,0.251333543600317,0.490106427222495,0.313898320191967,0.263789841270824,0.369820410457971,0.466017806795837,0.5,0.425786488329728,0.397126825809938,0.338947541960917,0.280964159493131,0.267869240822083,0.255331858888948,0.25,0.396428262343616,0.27790955684212,0.327346056465416,0.255204501142212,0.299630802544046,0.375847292883399,0.287770683114397,0.355385602532093,0.490841547656645,0.491818250819046,0.50872965245336,0.490944412965845,0.489782628494642,0.489343727704724
680,0.251084170687916,0.490375239907992,0.313802999276488,0.263303441631102,0.369851545539241,0.46599784253169,0.5,0.425602005604992,0.39670010942577,0.338868260320186,0.281056777226067,0.267935072319541,0.255417143658736,0.25,0.396467335700403,0.277913492731908,0.327495036374805,0.254986964043861,0.299549057397643,0.375569153905701,0.288322196991936,0.356322712614543,0.490969206973423,0.491531161266936,0.508051538768827,0.490678939633572,0.489514660608214,0.488870036263673
681,0.251267294559861,0.490227103451958,0.313922208638413,0.263424160302927,0.370062269142406,0.465501537875123,0.5,0.425393114673492,0.396407308111649,0.33889294811076,0.281138839015822,0.26820775243148,0.255577936391658,0.25,0.396340318734533,0.278416567259754,0.327888630794384,0.255286084054824,0.299585254010466,0.375318173755183,0.289350579851485,0.357125216154351,0.490288009773309,0.490909555718474,0.506936637794279,0.489965617414516,0.488915643357255,0.488169652762364
682,0.251042557015882,0.490722253390195,0.313924826111696,0.263274302881801,0.37040511913586,0.465664098154761,0.5,0.424988563203672,0.396382571422727,0.338703349719659,0.281054913151878,0.268178980320157,0.25554769341297,0.25,0.39667997417601,0.278435798756387,0.328285838948071,0.255457786837218,0.299624233783644,0.375422872269059,0.290161347786566,0.357501631805029,0.489662108452509,0.490309909299745,0.506253584646622,0.489582357044157,0.488458302102339,0.487601136803602
683,0.251092918577106,0.491196733300491,0.314100335180145,0.263421126887746,0.370812044057856,0.465722120481318,0.5,0.424880864756351,0.396498438064353,0.338875314600524,0.281067341396964,0.268132383528081,0.255565336679117,0.25,0.396746800926839,0.278764142629179,0.328694249603503,0.255666264217444,0.299742129344673,0.375549754076794,0.291271086627703,0.358172840026684,0.48896138550255,0.48980981497357,0.505544087140338,0.489014651329035,0.487920237689883,0.486940954032178
684,0.251240275697396,0.491626933988281,0.31435135269569,0.263766771145364,0.371343461081989,0.466312209745831,0.5,0.424842797734493,0.396847497026042,0.339262224422944,0.281098302133003,0.26807853178374,0.255520413495418,0.25,0.396980271722431,0.279361698770914,0.329242342669211,0.2561899766706,0.30002427216077,0.375960463294303,0.292650036662045,0.359322018497515,0.488949658955876,0.490135516371255,0.505806743675707,0.48945786163706,0.488163874988453,0.487550114669951
685,0.251460740332051,0.491540136608948,0.314557002635971,0.263916357406843,0.372253156062572,0.467612392397791,0.5,0.425163116615688,0.397051015883955,0.33957089333142,0.28128271918027,0.268147868868197,0.255624671877923,0.25,0.397575004790539,0.27993300954765,0.330186385123201,0.256462791365631,0.300320542449434,0.376510876768109,0.293890136002888,0.361239916036943,0.489849167570176,0.491263251062825,0.506769626227857,0.490360337053897,0.489170227704052,0.488189225868223
686,0.25153173119274,0.492092169925615,0.314885252927523,0.263934772615975,0.37277628514847,0.468220624416694,0.5,0.425149613759059,0.397035326834583,0.33965824602517,0.281377654981181,0.268281358196386,0.255620507165865,0.25,0.397817700991958,0.280251259198796,0.330579562218943,0.256534008950883,0.300318373812798,0.376532261559512,0.295089261011592,0.363058216684694,0.490582853968438,0.492061461615547,0.507417423587566,0.491189325567321,0.489762042330378,0.488808098796822
687,0.251521522222661,0.492682608281951,0.315199497620396,0.263887614220872,0.373110178006782,0.468517660605433,0.5,0.425072380101133,0.396920756452976,0.339414114822382,0.281254971375631,0.26834965158938,0.255599773840283,0.25,0.397954648641304,0.280470025585775,0.330899067457592,0.256579729298495,0.30029131177941,0.376390766233276,0.296065570591859,0.364493958841626,0.491011820523236,0.492583191680857,0.507744594459909,0.491714294976018,0.490030107389258,0.488967362780598
688,0.251212529124954,0.492484005321892,0.315190680191432,0.263518283436839,0.37341147410179,0.468494486973664,0.5,0.425560205404224,0.396941713152696,0.339198826337609,0.281178829140126,0.268316173824207,0.255712292535867,0.25,0.398150542969071,0.280494487394491,0.330891521557122,0.256320391678322,0.299927052200098,0.376351016144082,0.296849896616686,0.365509782306383,0.490481059265648,0.492295450035902,0.507356593111985,0.491256479957579,0.489191133243157,0.488432490863718
689,0.251125997022691,0.492716566809481,0.315341543369172,0.263343132931316,0.373414469749372,0.46791202366157,0.5,0.425467684188402,0.396709032024133,0.33884400287681,0.281091196822687,0.268225369519062,0.255533272791378,0.25,0.39811719165258,0.280594187411287,0.330814103344882,0.256297140786543,0.299738055916604,0.376324583185094,0.297822666865006,0.366615667826271,0.489846946731175,0.491983922015129,0.507027424564499,0.490929416284924,0.489051635931797,0.488323226917978
690,0.251308080826104,0.493136004902708,0.315591990437199,0.263515086442068,0.374337330589657,0.468675151286892,0.5,0.42560226141226,0.39663628364948,0.338998866055439,0.281269614413899,0.268129277769099,0.255685442422688,0.25,0.399115445095585,0.28118448768062,0.331495457830734,0.256719707903305,0.300177403109854,0.377267069084937,0.299395969681416,0.367947831304348,0.489723632370152,0.491832928930482,0.507402624359073,0.490867272687093,0.488877781689002,0.488466411284738
691,0.25127999051449,0.493383550512566,0.31585397315993,0.263641339239696,0.374719519898461,0.468883720437552,0.5,0.425667093954756,0.396355432354264,0.338961160693375,0.281613971741762,0.268191961032711,0.255576728995408,0.25,0.399516067419692,0.281451542450059,0.331670029809729,0.256807651671465,0.30022369002121,0.377750499186245,0.300456349782332,0.369107637907222,0.48962192866858,0.491653945596344,0.507324446839584,0.490547616950077,0.488577768009584,0.488444853452052
692,0.2517472926787,0.493458152805139,0.316136013317905,0.263822081272839,0.375508629551639,0.469868519757177,0.5,0.425719442449787,0.396474759258279,0.339158509615035,0.281764941260188,0.268400601328322,0.255755063976221,0.25,0.400375329669257,0.281828080317539,0.33246209888387,0.257115382270784,0.300722339187889,0.378551805760385,0.302053246794531,0.370733948807047,0.490530703598375,0.492536570632265,0.508167592127646,0.491167199459225,0.489712150456128,0.489352822206099
693,0.25177534953706,0.493094690708125,0.316375137216169,0.263919460911854,0.375901854896796,0.470103854398728,0.5,0.425782151285957,0.396689456407159,0.339496751043637,0.281965751622003,0.268730181215297,0.256065034789139,0.25,0.400507427934941,0.282198953052865,0.332817639655411,0.257485146567132,0.301048816988808,0.378934521824901,0.303464629777029,0.372052842083667,0.490896897805883,0.492425595480073,0.508173776139948,0.491182497123362,0.489667011349422,0.489349579288902
694,0.251499075641838,0.49279061594822,0.316204743479435,0.263778948037431,0.376382221087425,0.470740551569688,0.5,0.425614305671955,0.396813022978202,0.339533994007283,0.281960986171199,0.26883051945841,0.256228119493184,0.25,0.401000803306511,0.282556234373577,0.332969638842921,0.257653623131692,0.301216807273502,0.379436451556389,0.304954712349032,0.373337116278468,0.490884747666399,0.492737844897175,0.508177969467699,0.491197764222572,0.489966013206353,0.489460084478661
695,0.251394413090639,0.492185220944931,0.315764155900734,0.263576930206763,0.376293132417308,0.46981053733551,0.5,0.425240341614932,0.396861301078284,0.339537361099462,0.281730610006658,0.26855029567387,0.256104225277015,0.25,0.400749631026519,0.282443072311974,0.332500138568978,0.25764933847089,0.300862370737931,0.379215590128054,0.306092292944313,0.374240806075713,0.490415669744118,0.491933812969621,0.506992704632638,0.4904093055804,0.489396998721464,0.48889456372855
696,0.250934957663983,0.492481903264121,0.315569103333048,0.26320227107582,0.377000892713056,0.470242487753507,0.5,0.425300049192921,0.396892547156168,0.339448113570981,0.281562539659166,0.268400561727104,0.255923721923713,0.25,0.401505190077959,0.2822569615317,0.332236941981229,0.257345037103316,0.30081869981543,0.379725661853508,0.307268473823724,0.375571474052472,0.490868429578277,0.492134784453685,0.507163018118185,0.491025182338856,0.490099589748778,0.489281405693832
697,0.250950537102691,0.491746462605182,0.315317690374625,0.263249613255396,0.377213214933028,0.469566956312288,0.5,0.425125878990218,0.396460281933073,0.339045644061649,0.281213159079268,0.268124052493432,0.25567999336133,0.25,0.401796382110387,0.282122832274658,0.332010660508722,0.257237322396152,0.300420754270495,0.379482773346448,0.308267359181939,0.377038588669679,0.491239948897908,0.492286937327851,0.506564910538132,0.490944525866876,0.490596500279839,0.489405055248727
698,0.251001127060998,0.491073750467926,0.315098089344913,0.263259750781899,0.377441709509919,0.469338929086928,0.5,0.425313068433138,0.396286829743324,0.339085616098565,0.281162725595591,0.268336807021199,0.255473487638244,0.25,0.402158630016603,0.281992428797544,0.331733067895559,0.257165739802838,0.300106862818273,0.379596313990854,0.309243182096904,0.378393584174317,0.491569617651877,0.492342721025171,0.505698135498483,0.490982074107906,0.490830098972025,0.489525329372464
699,0.251064926009636,0.489969738746304,0.31498299422842,0.263237424462327,0.377830485173411,0.469203178707793,0.5,0.425018360365498,0.396373220961535,0.338855695943107,0.281124054486349,0.268542620002965,0.255595601139619,0.25,0.402560197457531,0.282039263683311,0.331719179758114,0.25727169813288,0.300144007470586,0.379838164073231,0.31034508936077,0.379291970167863,0.491044805145489,0.491904747775465,0.504600298883292,0.490261866145213,0.49012478012845,0.488880751408461
700,0.250872037806404,0.489344447001723,0.314776621832425,0.263114287606846,0.377689926019599,0.468619331170841,0.5,0.424938896890551,0.396203771232575,0.33869485847415,0.281033040894869,0.268559289278127,0.255591699797641,0.25,0.402381252174321,0.281748524490108,0.33104137710912,0.257278672712076,0.299934338714792,0.379927033882683,0.311314204800186,0.38011749415508,0.490412143112922,0.49118448695815,0.503701300546032,0.48994988389822,0.48933533184239,0.488367459020286
