{"class": "AutoLinearize", "marker_ids": [0, 1, 2, 3], "marker_points": [[[1101, 1613], [1104, 1444], [1272, 1448], [1269, 1615]], [[3205, 1447], [3201, 1613], [3034, 1607], [3039, 1443]], [[1322, 494], [1322, 658], [1152, 658], [1154, 493]], [[3039, 513], [3205, 516], [3204, 681], [3038, 679]]], "sample_points": [[2804, 1583], [2536, 1591], [2284, 1578], [2018, 1574], [1761, 1574], [1488, 1568], [3072, 1254], [2794, 1244], [2543, 1239], [2279, 1239], [2035, 1235], [1769, 1220], [1512, 1224], [1244, 1220], [3072, 896], [2809, 900], [2552, 892], [2288, 892], [2031, 881], [1774, 881], [1512, 876], [1249, 868], [2813, 552], [2556, 548], [2294, 548], [2031, 537], [1784, 533], [1508, 529]], "expected_values": [[0.02741415828672656, 0.028011742794631485, 0.02809608090834207, 0.028072409086995244], [0.6954581371460273, 0.9139961417435252, 0.9503961624750364, 0.9735038213809799], [0.29625157297424815, 0.29593196584445913, 0.2807488573721356, 0.2704786340665464], [0.031791057005576516, 0.04036872731104566, 0.05066185002302561, 0.07170319017832166], [0.20750012944453577, 0.4339984136524403, 0.6117072498184447, 0.7728942092376424], [0.035272007816721414, 0.06657864696406411, 0.13193872563800021, 0.31888926187700883], [1.0168213500788534, 1.033432401627027, 1.039552216472507, 1.045916868297465], [0.798093954532049, 0.7814199134759554, 0.7710671528414574, 0.7612826041573475], [0.6778326248931926, 0.6614820324774834, 0.6513690404085875, 0.6418225563119226], [0.4237830291081839, 0.41008460788158896, 0.4028697910423913, 0.39701700273063767], [0.15175146575128104, 0.14807165247375947, 0.14654840979819514, 0.14684143278854372], [0.09825210411748102, 0.09509540076152007, 0.0939203697132475, 0.0943409763181805], [0.05032430627074138, 0.046715536782134415, 0.04533231677663137, 0.04498925538071653], [0.025802158188979848, 0.023600029894991513, 0.0228335424836114, 0.022552530312128637], [0.04870777354394992, 0.1476633772772792, 0.3396553539553747, 0.5185131141176307], [0.034190151318976604, 0.040636534738349724, 0.10327895757788207, 0.12485515489173618], [0.21996563601173713, 0.21092306083449744, 0.41815323504967294, 0.37851799268597025], [0.04807274921244115, 0.18746848374217817, 0.18946165396000134, 0.08703175274541103], [0.28982559327985374, 0.6744687096977293, 0.4239083887384478, 0.25555683206070345], [0.5164832749822466, 0.8579349338950846, 0.758378359336221, 0.5640900584076031], [0.4991676188480336, 0.5490089637310185, 0.253078219257879, 0.1558495550919015], [0.42055326579824803, 0.3711618246691699, 0.2435303596476856, 0.26236292037935094], [0.6938126963701169, 0.6149101218542371, 0.6323403151348271, 0.8468025154405872], [0.11027816924784188, 0.07083920152220849, 0.121667581780095, 0.48548661921005337], [0.24578030949104332, 0.15717176263209193, 0.322172383966004, 0.8104522806956935], [0.2708275972489707, 0.31066855350664513, 0.5837938278358933, 0.845730132636857], [0.17090368402186928, 0.30656635650210473, 0.6817049247263408, 0.8653949764417256], [0.29596482441142963, 0.5651647233242987, 0.8553643883479883, 0.9159868189154619]], "method": "poly", "order": 3, "sample_width": 25}